index,label
0,-hihoptDErwUdbistufcrdInR-tRnApsAndkErAtsEndbruzdpAtetozAndf@tmAtAnpisAztubiletAldWtAnTIk-pEpRdflWRf@tAndscs-
1,-stAfAtIntuyu-hIzbElikWnsAldhIm-
2,-@ftRRlinYtfclDAyElol@mpswUdlYthAphirAndDErDAskwalAdkwcrtRAvDAbrafAlz-
3,-hElWbRtiAndhigUdInycrmYnd-
4,-nAmbAtdEn-frESnEliIzwetIGanyu-kUdnathAzbAnd-
5,-DAmyuzItkemnIrRAndhirIkcldDAwRdz-DAwRdzAvSElizfr@kmAntApanDAmunwandRIGkAmp@nyAnlAs-pelfcrwIrinAs-
6,-DAdAlYtfElmcrfenTliApanDApejwEranAnADRikweSAnbIg@ntuAnfoldItsElfsloli-AndtusprEdAbrcdItswYdAndIGtel-
7,-AkoldlusAdIndIfRAnsrendInhIzsol-
8,-DAkeasInwIChIzardRIkstIGgwIStItsElfwazAkoldIndIfRAnt-nalAjAvhImsElf-
9,-@tmost-bY@nalmzgIvAntuAbEgRhuzblEsIGhiflEtfrAm-himYthopwIrAlituwYnfcrhImsElf-sAmEZRAv@kCAwAlgres-
10,-wEldWEnAsYdIklEryuh@vAhEdAndsoh@zmYstIk-
11,-ans@tRdimcrnIGzwEnDAsod@lAtimEtInDAC@pAlturAsYtDAlItAlcfAs-hIzpleswazAkwUSAndnilIGdEsk@tDArYtAvDAcltRfrAmwIChilEdhIzwIGAvbOzTruDArispansAz-
12,-hRYzsimdturAgardhImwIDmYldpIti-hRholinAs-AstrenjlYtgloIGfentliApanhRfrelflES-dIdnathyumIliektDAsInRhuAproCthR-
13,-IfEvRhiwazImpEldtuk@stsInfrAmhImAndturIpEnt-DAImpAlsD@tmuvdhImwazDAwIStubihRnYt-
14,-hitrYdtuTIGkhWItkUdbi-
15,-bAtDAdAsk-dipAnIGInDAskulrum-kAvRdovRhIzTcts-DAbElr@G-
16,-DEnyuk@n@skhImkwEsCAnzanDAk@tAkIzAmdEtAlAs-
17,-stivAn-linIGb@kAndrcIGYdlianhIzskrIbAlR-lIsAndtuDAtckAbWthImwIChErAnCEktfrAmtYmtutYmbYseIG-
18,-Itwazstrenjdtu-D@thifWnd@nErAdplEZRInfaloIGAptuDAEnd-DArIjIdlYnzAvDAdaktrAnzAvDACRC-AndpEnAtretIGIntuAbskyUrsYlAnsAz-onlituhirAndfilDAmcrdiplihIzonkandAmneSAn-
19,-DAsEntAnsAvsentjemz-wICsEzD@thihuAfEndzAgEnstwAnkAm@ndmAntbIkAmzgIltiAvcl-h@dsimdtuhImfRstAvswolAndfrez-AntIlhih@dbIgAntugropInDAdarknAsAvhIzonstet-
20,-IfAm@nh@dstoldanApWndInhIzyuTAndh@dyuzdD@tpWndtuAm@sAkhyujfcrCAn-hWmACwazhiAblYjdtutugIvb@k-DApWndhih@dstol@nonli-wErDApWndtAgEDRwIDAkampWndIntrAstAkruIGApanIt-crclhIzhyujfcrCAn-
21,-IfAlemAn-IngIvIGb@pthIzIm-pUrDAwctRbIfcrseIGDAwRdz-IzDACYldb@ptYzd-
22,-hWkAmzIt-D@twYlDAfRstbi@tAtudpramAsAzDAkIGdAmAvhEvAntuDApUrAvhart-DAsEkAndbi@tAtudpramAsIzclsotuDAmikD@tDeS@lpAzEstDAl@nd-
23,-wYwazDAs@krAmAntAvDAyukRAstInstAtutIdAndRDAtuspiSizAvbrEdAndwYn-IfCizAskrYstbiprEzAntbadiAndblAd-solAndIvInAti-InDAbrEdAlonAndInDAwYnAlon-
24,-IfDAwYnCenjAntuvInAgR-AndDAhostkrAmbAlIntukRApSAn@ftRDeh@vbInkansAkretAd-IzjizAskrYstustIlprEzAntAndRDErspiSiz@zgadAnd@zm@n-
25,-AjEntAlkIkfrAmDAtclbOInDAbEnCbIhYnd-RjdtustivAntu@skAdIfAkAltkwEsCAn-
26,-DArEktRdIdnat@skfcrAk@tIkIzAmtuhirDAlEsAnfrAm-
27,-hikl@spthIzh@ndzanDAdEskAndsEd-
28,-DAritritwIlbIgInanwEndzde@ftRnunInhAnRAvsentfr@nsAzzevyRhuzfistdeIzs@tRde-
29,-anfrYdi-kAnfESAnwIlbihRdclDA@ftRnun@ftRbidz-
30,-bIwErAvmekIGD@tmIstek-
31,-stevAnzhartbIg@nslolitufoldAndfedwIDfIr-lYkAwIDRIGflWR-
32,-hih@zkcld@zyuno-DApasAlAvDAIndiz-
33,-DAgretsent-sentfr@nsAz-sevyR-
34,-DArEktRpczdAndDEn-SekIGhIzkl@spth@ndzbIfcrhIm-wEntan-
35,-hih@dDAfeTInhImD@tmuvzmWntAnz-
36,-Agretsent-sentfr@nsAzzevyIR-
37,-InDAsYlAns-DErdarkfYRkIndAldDAdAskIntuAtaniklo-
38,-hikUdwetnolcGgR-
39,-fcrAfUlWRhih@dpestApAndWnwetIG-bAthikUdwetnolcGgR-
40,-hisEtcfAvbrAptlifcrDAbUl-wckIGr@pAdlilEsthIzfaDRzSrIlwIsolmYtkcldhImb@k-AndInAfyumomAntshih@drWndIdDAkRAv@tDApAlisb@rIk-Andwazsef-
41,-DAyunAvRsAti-
42,-brYd@ftRs@tAsf@kSAnAplIftAdhImlYklcGsloAwevz-
43,-huzfitar@zDAfitAvharts-AndAndRnit-DAEvRl@stIGarmz-
44,-DAprYdAvD@tdImImAj-brctb@ktuhIzmYndDAdIgnAtiAvDAcfAshih@drAfyuzd-
45,-sunDAholbrICwaztrEmbAlIGAndrizWndIG-
46,-DAnkuTfesAzp@sthImtubYtu-stendyElocr@dcrlYvAdbYDAsiAnd@zhistrovtulUk@tDEmwIDizAndIndIfRAnst-AfentstenAvpRsInIlSemAndkAmIzReSAnroztuhIzonfes-
47,-AndriwIDhImsElf-hitrYdtuhYdhIzfesfrAmDErYzbYgezIGdWnsYdwezIntuDAS@loswRlIGwctRAndRDAbrIj-bAthistIlscArAflEkSAnDErImdAvDErtaphEvisIlk@ts-AndhAmbAlteplYkalRz-Andlustlih@GIGklErIkAlkloDz-brADRhIki-
48,-brADRmAkardAl-brADRkicf-
49,-DErpYAtiwUdbi-lYkDErnemz-lYkDErfesAz-lYkDErkloDz-AndItwazYdAlfcrhImtutElhImsElfD@tDErhAmbAlAndkAntrYthartsItmYtbi-petAfarICRtrIbyutAvdIvoSAnD@nhIzh@dEvRbIn-YgIvt-tEnfoldmcr@ksEptAbAlD@thIzIl@bRAt@dReSAn-
50,-ItwazYdAlfcrhImtumuvhImsElftubijEnRAstAwcrdzDEm-tutElhImsElfD@t-IfhiEvRkemtuDErgets-strIptAvhIzprYd-bitAnD@ndInbEgRzwidz-D@tDewUdbijEnRAstAwcrdzhIm-lAvIGhIm@zDEmsElvz-
51,-YdAlAndEmbItRIGfYnAlituargyu-AgEnsthIzondIsp@SAn@tsRtAtud-D@tDAkAm@dmAntAvlAvbetAstnatulAvWRnebR@zWRsElvzwIDAsemAmWntAndIntEnsAtiAvlAv-bAtulAvhIm@zWRsElvzwIDAsemkYndAvlAv-
52,-DAfrezAndDAde-AndDAsin-harmAnYzdIndAkcrd-
53,-wRdz-wazItDErkAlRz-
54,-DewRvOAjIGAkrcsDAdEzRtsAvDAskY-AhostAvnom@dzanDAmarC-vOAjIGAhYovRYRlAnd-wEstwRdbWnd-
55,-DAyUrApDeh@dkAmfrAmleWtDErbIandDAYRsi-yUrApAvstrenjtAGzAndv@lidAndwUdbigRrtAnsItAdEldAndAvIntrEnCtAndmarSAldresAz-
56,-AgEn-AgEn-
57,-AvOsfrAmbIandDAwRldwazkclIG-
58,-hAlozstAfAnAls-hirkAmwazDAdEtAlAs-
59,-DEardYdIGston-pOzdanItsrudsApcrtsAndrakIGAndRDErplAnjAz-D@nDArAfyunstonzAvDAslopIGbrekwctRovRwICDeskr@mbAldInDErhcrsple-glimdwIDkoldwEDlAstRk-
60,-histUdstIlIndEfRAnstuDErkclzAndpEridDErb@ntRwIDiziwRdz-
61,-ItwazApendtusiDEmAndAscrdlYkpentusiDAsYAnzAv@tAlEsAnsD@tmedrIpElAntDErpItiAbAlnekAdnAs-
62,-stAf@ncsdEdAlAls-
63,-AmomAntbIfcr-DAgostAvDAenCAntkIGdAmAvDAdenzh@dlUktfcrTTruDAvEsCRAvDAhezr@ptsIti-
64,-yuwIlfYndmikAntInyuAlispikIGAvfcrmEn-tISAn-holbYn-tRnR-AndtAnkAtAt-AndclmostDAsemtRmz-
65,-D@tyunYtEvRikwalAti-AndsAmtYmzyuwIlfYndirAfYndtuDEm@zkAlRAsts-sAmkYmz@zkyUrAskyUrAsts-
66,-YbiIGstudiAsAvkAlRDearstudiAsAvdIvIZAn-AndwYnDAkyUrAskyUrAsdIvotshImsElftuDArEprAzEnteSAnAvdIgrizAvfcrsAnwAnTIG-ansEpRetAdlYt-DAkAlRAsts-h@vfcrDErfAGkSAn-DAtenmAnAvbyuti-bYRenjmAntAvDAdIvIZAnzAvlYnt-
67,-mYfRstIndprInsApAlrizAmwazD@tDenfcrst-bIandclrIzIstAns-anEnistudAnhumYth@tEmptukapiDEm-DIsmETAdAvl@GtcrsAnzAvdIstIGkthyusYdbYsYd-
68,-sAmAvDAtACAzIndId-wEnDAtEntAzbInmIkstwIDmACwctR-h@vbInledAndlItAldrapscrpandz-soD@tDAtegmAntmYkrIstAlYzhard@tDAEj-
69,-tAzDAhEdAvApErAt-DAlItAlflWRInhIzbikfrAmApIkCRAvkrApatAs-wAnAvhIzsIrizAvDAlYfAvsentjcrAj-
70,-DEnhikAmztuDAbikAvAn-
71,-DAbrWngrWndbIniThIzl@ftfcrDAmostpart-wEntACAbl@kIzpUtfcrDAhalo-tudElkAtlYnzAvdarkgredfYndDAWtAkRv-AndwAnlItAlkwIvRIGtACAvwYt-drcziIntREjAvDAm@ndAbAl-
72,-fcr-bIlivmi-DAfanAvflcsfiAvartk@nonlir@tAfaDEApInyAnD@tDAbyutiAvAkokrabAnIztubirEd-AnAbAgrcsplatubigrin-AndDAbEstskIlAvartIz@nInstAntlisizIGanDAmEnAfAldIlISAsnAsAvlYt-wICyuk@nonlisizbYprisIZAn-AvInstAnteniAstAC-
73,-nWyuwIlsindDistAdizD@tDAmomAntDAwYt@zInklozdprapRli-AndharmAnYzwIDADRhIrz-ItbIkAmsAmhWmwRprESAsAndpRli-IndDAwYtepR-AndD@tY@mnatAfredtulivAholfildAvAntritAdwYtpepRclrWndIt-dInSUrD@t-iInDAlItAldYmAndzAndDArWndwIndowIltEl@zCulz-IfDErAkrIdetAd-jAstli-
74,-bAtInDIsvInyAt-kapidfrAmtRnR-yuh@vDAtuprInsApAlz-brctWtpRfAktli-
75,-DearbIandclADRwRksD@nYnoEgzIstIG-ApEndAtfcrDErAfEktanlosAbdudtAmz-DErf@vyRCOsAntYmAvdebiIG-iDRdcncrtwYlYt-AndivInDErbrYtAstsAnsEtsprAdustCifliWtAvgrepepR-
76,-IndmebiD@tAgretkAlRAlAs-wIlyusIzAtmostfcrsAvkalR-@zAsIGRhIzfUlpWRAvOs-bAt-lWdcrlItAl-DAvRCuzInboTkesAzclwezInrAfYnmAnt-nEvRInlWnAs-
77,-ImAstrImEmbRbIwAncrdDADR-
78,-dunatDErfcr-TIGkD@tDAgaTIkskulzAniziwAn-
79,-DAlcvD@tskulzD@tEvriTIGS@lbisinklIrli-crtlist-onliInsACmIstRfentnAs@zS@lbidIlYtfAl-AndYh@vnodWtD@tDAbEstIntrAdAkSAntuIt-wUdbiDAElAmEntripr@ktAsApentIGEvRistAdianAgoldAngrWnd-
80,-DIs@twAnskAmpEzyutAndRst@ndD@tDAwRkAztubiIm@jAnAtIvAndEkrAtIv-@tArEprAzAnsbyutAfAlTIGz-InDAklIrAstwe-bAtnatAndRIgzIstIGkAndISAnz-AndD@t-Inf@kt-ycrprAdusIGjuAlRzwRkr@DRd@ntEkCRz-
81,-D@tAstYzristrendRsAvIrdIznatminD@tItIzcsAlRrAniAs-
82,-InclRdligaTAkartAndidyuwIlfYndfelyRAvDIskYnd-AspESlidIstcrSAnInmAjIdAti-wICarInmEnirIspEkspenfAlitubikAmpErdwIDAsplEndAdripozAvkl@sAkart-
83,-DAlarjlEtRkAntenzIndid-IndtYRlifibAnIldrcnfIgyRz-D@tIzmIrliCYld@zAnfelIGwRkAvAnInfIrh@nd-ItIznatkErAktRIstIkAvgaTIk-crEniADRskul-
84,-bAn-AbzRv-nuk@nonliduDIsanwAnkAndISAn-D@tAvstrYvIGclsotukriet-Inri@lAti-DAbyutiwICyusik@nIm@jAneSAn-
85,-ItwIlbIholImpasAmblfcryuturItenDAtr@GkwIlAliAvtEmpRAndfAlIsAtiAvfeT-nEsAsErifrAmnobAlpyUrAspentIG-AnmEsyuar-@ktAblEngezdAmprAmotIGDAfulIstiAn-pisAvpraktAkAlYf-
86,-wumAstlUk@thImInDAfes-fYthIm-kakRhIm-wIDwAtskevyume-yunidnatTIGktukipWtAvDAweAvhIm-
87,-DAkalRAstsEz-fRstAvcl-@zmYdIlISAzpErAkewazrubi-soDIsn@stivYfRS@lbibl@k-AndDEnIzDAkwEsCAn-k@nYrWndhImcf-ivInDohiIzbl@k-AndmekhImslYmi-AndyEtsprIGIGAndklosdWn-kladAdlYkApuAlbl@kblAdanDART-clDAsem-
88,-nATIGwIlbimcrprESAstuyuYTIGk-InDApr@ktAkAlstAdiAvart-D@nDAkAnfIkSAn-wICwIlfcrsItsElfanyumcrnmcrEvRiWR-AvDAweclTIGzarbWntAgEDR-lItAlAndgret-InspIrAtAndInm@tR-
89,-yunoYv-jAstIntElInyuhWDAskulmAtIriAlIzAmAnkleAndvaldItsElf-@tl@stAndklWdAndfaR-
90,-hirz@nikwAlitIfAkAlgrIkskul@ndskepbYwIlsAn-lcstholiAngoldAnmEst-DAtrizsoslYtlidrcnD@tyudontnaIfDeartriz-wRtWRz-AndnokErfcrkAlRwAtsoEvR-pRfAktlidIsEptIvImarvAlAsIfEktIvsAnSYnTruDAmIst-ApaloanDApYTan-
91,-nWhirIzrafYAl-Igz@ktlibItwinDAtu-tristIldrcnlifbYlif-holdifcrmAl-AbyutAfAlnEstkAmAGgr@juAliIntuDAdIstAns-
92,-wYlDEnl@st-hirIztRnRz-grikskulAvDAhYAstkl@s-AndyutufYndhIzart@bsAlutli-@zfRstDAdIspleIGIntEnsli-AndwIDAstRnAstIntAlEkt-Avn@CRAlfcrm@zItIz-AndDEnDAInvElApmAntAvIt-wIDklWdAndfarR-
93,-onli-DErartuscrtsAvklWdAndfar-
94,-hinozD@nbAT-
95,-DErzwAnInDErzAnADR-DAdAdli-AndDAflEnt-
96,-ItIzonliAp-pEnsAlWtlYnbYAdwUdbRnjanz-InIlAstreSAnAvDAstcriAvsYki-ItIzDAIntrAdAkSAnAvsYki-@ftRclhRtrAbAlsIntuhEvAn-
97,-EvRipl@ntInDAgr@sAzsEtfcrmRli-grozpRfAktli-AndmebirilYzdkAmplitli-
98,-IkskwAzAtcrdRAndyunAvRsAl-wIDAtRnAlYfAndlYt-DIsIzDAfeTAnEfRtAvDAskulzAvkrIstAl-AndyumedIskrYd-AndkAmplitDErwRkwYtlItRAli-bYtekIGEnivRsAzAvCasRInhIztEndRmud-AndAbzRvIGhWhiInsIstsanDAklIrnAsAndbrYtnAsfRst-AndDEnanDAcrdR-
99,-DAs-InCasRzdrim-
100,-InboTDizhYnITAkAlsAbjIkts-DAsRWndIGneCRDozsAfRIG-IstIldIgnAfYnAndbyutAfAl-
101,-EvRilYnInwICDAm@stRtresAzIt-ivInwRsimIGlinEglAjAn-@zlAvliAndsEtdWnwIDAmEdAtetAvkamnAs-wICmeksDiztu@CIGzkepAbAlAvbiIGplestbIsYdDAmostkr@GkwAlwRkAvholbYn-crdyUr-
102,-bAtnWhirIzAsAbjIktAvwIC-yuwIlwAndR@tfRstwYtRnRdruId@tcl-
103,-d@znobyutiwAtsoEvRnospESAltiAvpIkCRAsknAs-AndclItslYnzarkr@mptAndpUr-
104,-DAkr@mptnAsInDApavRticrclIntEndAd-
105,-ItIzAglinRbrIGIGdWnhRwAnSifAvkcrntu@noldwctRmIl-ItsElfmcsiAndrEnt-skErsliebAltugEtItstonztutRn-
106,-AsinIz@bsAlutliarkediAn-
107,-siD@tycrlYzbiInATIGwRsD@nAbOzklYmIGfcrIzInt@GgAldkYt-
108,-ItwIlbiwElfcryu-dujOnatwIDozhuInstEdAvkYtsflYf@lkAnz-AnstEdAvobenDAl@stwRdzAvDAgretklWdSEpRd-tIfidhIzSip-lYvDAlIvz-hWmAClEsD@nv@nAti-AvDAwRbUlfrAnDAgIriAgAl-
109,-clsoApapyAlRkAndrYvAnz-wEnbYnlAvnekIGmebizAspEndAd-AndbAtnatstapt-dUrIGDApIknIksizAn-
110,-hRr@G-AndDAtYRsAmpradIktAvAtYRlAstAG-
111,-@Ggcr-heIG-pentAltuhiEr-
112,-hefivR-AhartCrarbRAlkazbYfalIGInlAvwIDAgrEswido-
113,-hEvAn-@tgrUdplestubirezdtu-
114,-hEj-DAf@s-
115,-hREdAti-DAkazAvclWRfclt-
116,-hcrsEns-edIgriAvwIstAmD@tkipswAnfrAmbEtIGanDAresAz-
117,-hWz-m@nzIkskyuzfcrwEtIGDAwck-
118,-hWtEl-ApleswErYgEstcfAngIvzApAgUdalRzfcrpUrkwcrtRz-
119,-hWskrinIG-edAmEstIkAphivAl-AndD@tmeksIt-izifcrDAgAvRnmAntuInlIst-clDAsoljRz@tnidz-
120,-h@zbEnd-AtDAnEkstTIGtuAwYf-
121,-hWsi-wUmAn-Andbcn-tY-
122,-AtYd-tuAwUmAn-
123,-hEpAkrEt-AhcrsdErlR-
124,-DozprItircGzD@tlItRdhik@nmIts-wEnY@msAmtYm@bsAntfrAmDYhart-dYbyuti-AndDYyIrzfUlwEldIfIts-fcrstIltEmteSAnfalozgwErDWart-
125,-Ymi-
126,-nom@tRvEn-clDomYfUtdIdst@nd-ApanDAfatAst-RT-rimuvdfrAmDi-fAnImbAlTct-k@njAmp-boTfiAndl@nd-@zsun@zTIGk-DApleswErhiwUdbi-bAtR-
127,-TctkIlzmiD@tY@mnatTct-tulEplarjlEGkTsAvmYlzwEnDWartgcn-bAtD@tsomACAvRTAndwctRrct-YmAstAtEnd-tYmzlEZRwIDmYmun-rAsidIGnat-bYElAmAnsosno-bAthEvitErz-b@jIz-AviDRzwo-
128,-mYhartdcTplid-D@tDWInhyImAndastlY-Aklcz@tnEvRpIrztwIDkrIstAlYz-bAtDAdIfEndAnt-dcTD@tlidAnY-AndsEzInhImDYfErApIrAnslYz-
129,-yuamYclDAwRld-AndYmAststrYv-tunomYSemzAndprezIzfrAmyccrtAG-nAnElstumi-ncrYtunAnDAlYf-D@tmYstildsEnscrCenjIzrYt-crcG-
130,-otIsDAfRst-tITfAl@tRiInmYsin-AndmYgretmYndmostkIGlidUrIGfItAp-mYnYwIlnozwAtwIDhIzgAstIzgrin-AndtuhIzp@lAtdcTpripErDAkap-AfItbiplOzAnd-tIsDAlEsDErTIn-D@tmYndYlAvzIt-AndatfRstbIgIn-
131,-bAtrEkAnIGtYm-huzmyulyAnd@ksAdAns-kripIntwIkstAvWz-AndCenjdtukrizAvkIGz-t@nsekrAdbyuti-bIlAndtuDASapAstIntEntsdYvRtstrcGmYndztuDAkcrsAvcltRIGTIGz-AlEs-wYfIrIGAvtYmztIrAni-mYtYnatDEnse-nWYlAvyubEst-wEnYwazsRtAncrInsRtAnti-krWnIGDAprEzAnt-dWtIGAvDArEst-
132,-dAvIzAded-TInmYtYnatseso-tugIvfclgrov-tuD@t-wICstu-dcTgro-
133,-soYrItRndrIbyukt-tumYkAntEnt-AndgenbYIl-TrYsmcr-DEnYh@vspEnt-
134,-ItwazDIsabzRveSAnDAdrufrAmdAglAs-AndnatImidiAtlibAtledrAnDAivnIG-ArIplYD@th@dDAIntrAstIGkansAkwAns-tuwICYkclAtEnSAn-
135,-sAmwAnElttoldAstcriIGatRtIkyAlRliIfEktIv-wICYschiwaznatfaloIG-
136,-krYdwAnAvDAwImAn-hitUknonotAsAvhR-hilUkt@tmi-bAt@zIz-InstEtAvmi-hiscwAthispokAv-
137,-DErwazAyunWnAmsAgron@tDIs-AndmACcrproC-@ftRrICInhIzpriakyApYdwehiIksplend-
138,-DAstcrizrItAn-
139,-YkuAdrYtumYm@nAndAndklozdDAki-hikUdsEndWnDAp@kAtIzifYndvIt-
140,-DADRzrIzEntAdpAstgonmAnt-bAtItwazjAsthIzkrupAlDACarmdmi-
141,-tuDIshIz@nsRwazprampt-hoS@Gkgadno-And-IzDArEkAdyUrz-
142,-hihAGfhYrAgEn-owUmAnz-
143,-Srih@zbIndEdDiztwEntiyIrz-
144,-SisEntbiDApejIzInkwEsCAnbIfcrSidYd-
145,-SiwazDAmostIgriAbAlwUmAnYvAvAnonInhRpAzISAn-SiwUdh@vbInwRDiAvEniwAthEvR-
146,-kwEsAnsImpiD@tSisEdso-bAtD@tYnuSih@dAnt-YwRSUr-YkUdsi-
147,-yclizAlijAjwYwEnyuhirbIkczDATIGh@dbInsACAskEr-hikAntInyudtufIksmi-
148,-yuaAkyut-
149,-hikwItAdDAfYRrAndraptb@kIntuhIzCEr-
150,-prabAblinatIlDAsEkAndpost-
151,-ItwazclmostDAtonAvhop-EvribadiwIlst@k
152,-krYdDAledizhuzdIparCRh@dbInfIkst-
153,-mIsIzgrIfAnhWEvRIksprEstDAnidfcrAlItAlwAnlYt-
154,-khuwazItSiwazInlAvwef-DAstcriwIltEl-YtUkApanmYsElfturIplY-oYkantwetfcrDAstcri-vAstcri-wont-todsEdAglIs-natAndEniInDAtrAlvolgRwe-mcrzDApItiDEn-
155,-wontyutEldAglAs-
156,-kOrAl-IfYdontnohuSiwazInlAvwIt-YnohuSiwaz-
157,-Al@swisehirdIstIGktlituh@vdAnwIDIt-D@tDIsnErAtIv-frAm@nIgz@ktr@nskrIptAvmY-onmedmACletR-@zwAtYS@lprEzAntligIv-
158,-pUrdAkDIs-bIfcrhIzdET-wEnItwazInsYt-kAmItAdtumiDAm@nyAskrIpD@triCthImanDATRdAvDizdezIndD@t-anDAsimspat-wIDImEnsAfEkt-hibIg@nturEdtuWRhAStlItAlsRkAl-anDAnYtAvDAfcrT-
159,-DAdIpartIGledizhuh@dsEdDewUdstedIdAntAvkcrsT@GkhEvAnste-DedIpartAdAndkansAkwAnsAvRenjmAntsmed-InArejAvkyUriasAti@zDeprAfEst-prAduztbYDAtACAzwIDwIChih@dclrEdiwRktusEp-
160,-DAzRstAvDiztACAzkAnvedD@tDArItAnstetmAnt-tUkApDAtel-@tApOnt-@ftRIth@d-InAm@nR-bAgAn-
161,-Sih@dfcrhIzontWnrEzIdAnsAvbighWsfIldwIDAspOlzAvtr@vAl-AndDAtrofizAvDACeks-bAtItwaztuhIzkAntrihom-@noldf@mAliplesAnEsIks-D@thiwISthRImidiAtlituprAsid-
162,-DAakrAtTIGwazD@tDeh@dpr@ktAklinoADRrileSAnz-AndD@thIzonAfErztUkAbclhIztYm-
163,-DewRplEntiAvpipAltuhElp-bAtAvkcrsDAyAGledihuSUdgodWnIzgAvRnAs-wUdbiInsAprimATcrAti-
164,-Y-dont@ntIzApet-
165,-SiwazyAG-AntrYd-novAs-ItwazAvIZAnAv-sIriIzdutizAndlItAlkAmpAni-fcrvriligretlonlinAs-
166,-yEsbAtD@tsjrAstDAbyutiAvhRp@SAn-
167,-ItwazDAbyutiAvIt-
168,-ItsWndudo-D@tsWndItstrenj-AndclDAmcrsobIkczAvhIznenkAndISAn-AnwICwaz-
169,-SipramAstuduDIs-AndSimEnSAntumiD@twEnfcrAmomAnt-dIspRdAnd-dIlYtAd-hihEldhRh@nd-T@GkIGhRfcrDAs@krAfYs-SiclrEdifEltrIwcrdAd-
170,-pUSwazD@t-olh@vrIwcrd-wEnAvDAledizEskt-
171,-hWstrenjAtdsimd-tuDAs@dwUmAn-@zSiwaCtDAgroTAndDAbyutiD@tbIkemEvRidemcrbrIlyAnt-AndDAIntElAjAnsD@tTruItskwIvRIGsAnSYn-ovRDAtYnifiCRzAvDIsCYld-
172,-gad@zAdREktkansAkwAnsAvDAsInwICm@nDAspAnISt-h@dgIvAnhRAlAvliCYld-huzpleswazanD@tsemdIsanRdbUzAm-tukAnEkthRpErAt-fcrEvRwIDAresAndIsEntAvmcrtAlz-AndtubifYnAliAblEstusolAndhEvAn-
173,-yEtDizTctsAfEktAdhEstRprIndlEswIDhop-D@n@prIhEnSAn-
174,-DACYldh@dAnetIvgreswICdAznatImvEriAbli-koIgzIstwIDfctlEsbyuti-ItsAtYR-hWEvRsImpAl-clwezImprEstDAbIholdhR@zIfItwRDAvErigarbD@tprIsYslibIkemItbEst-
175,-DIsWtwRdnyutAbIlAtiIndAketAdAndIdnatmcrD@nfErliIksprEs-DAvEriAsprapRtizAvhRIntRlYf-
176,-hEstRkUdonliAkWntfcrDACYldzkErIktR-AndivInDEnmostvegAliAndImpRfAktli-bYrIkclIGwAtSihRsElfh@dbIndUrIGD@tmomAntIzpIriAd-wYlpRlwazImbYbIGhRsolfrAmDAspIrICAwAlwRld-AndhRbadAlifrenfrAmItsmAtIriAlAvRT-
177,-DewRnWIlumAnetAdbYDAmcrnIGrediAnsAvA-yAGCYldzdIspAzISAn-bAt-letRInDAdeAvRTliEgzIstAns-mYtbiprRlIfIk-AvDAstcrm-AndwRlwYnd-
178,-hEstRprIn-nEvRDAlEs-DAlAvIGmADRAvDIswAnCYld-r@nlItAlbIskAvErIGanDAsYdAvAndusAvErAti-
179,-mYndfAlhWEvRAvhRonErRzAndmIsfcrCAnz-SiRlisctuImpozAtEndRAvbAtstrIktkAntrolovRDAInfAntAndmcrt@lAti-D@twazkAmItAdtuhRCarj-
180,-@ztuEniADRkYndAvdIsAplAn-wEDRAdrEstuhRmYndcrhart-lItAlpRAlmYtcrmYtnatbiwIDInItsriCAnAkcrdAnswIDAkApristD@troldDAmomAnt-
181,-ItwazAlUksoIntElAjAnt-yEtInIksplEkAbAl-prRvRs-sAmtYmzsomAlISAsbAtjEnRAli-AkAmpAnidbYAwYldfloAvspIrAts-DAthEstRkUdnathapkwEsCAnIGAvsACmomAnts-wEDRpRlwazAhyumAnCYld-
182,-bIholdIGIt-hEstRwazkAnstrendturAStAwcrdzDACYld-tupRsuDAlItAlElf-IndDAflYt-wICSiImvEriAblibIg@n-tusn@ChRtuhRbUzAm-wIDAkloDsprESRAndRnAstkIsAz-natsomACfrAmovRfloIGlAv-@ztuASUrhRsElfD@tpRlwazplESAnblAd-AndnatAtRledIlusIv-
183,-brudIGovRclDizm@tRz-DAmADRfEltlYkwAnhuh@zAvoktuspIrAt-bAt-bYsAmArEgyAlErAtiInDAprasEsAvkanjReSAn-h@zfeldtuwYnDAm@stRwRd-D@tSUdkAntrolDIsnuAndInkamprihEnsAbAl-IntElAjAns-
184,-pRlwazAbcrnWtk@stAvDAInfAntAlwRld-
185,-pRAlsclAndgezdIntEntli-bAtnEvRsctumekAkwentAns-
186,-IfspokAntu-SiwUdnatspikAgEn-
187,-hEstRprInwEntwAndetuDAm@nSAnAvgAvRnRbElIGhIm-wIDApErAvglAvzwaCSih@dfrRnjdAndEmvOdRtuhIzcrdR-AndwICwRtubiwcrnansAmgretAkeZAnAvstet-bcrDoDAC@nsAzAvApapyAlRrIlEkSAnh@dkazDIsfcrmRrulRtudIsEndAstEpcrtu-frAmDAhYAstrEGk-histIlhEld@nanRAbAlAndImpluEnCwAlples-AmAGDAkAlonAl-m@jIstrAsi-
188,-AnADRAndfarmcrImpcrtAntdrizAnD@nDAdIlIvRiAvApErAvEmbOrdRdglAvzImpEldhEstR@tDIstYm-tusikAnIntRvyuwIDApRsAnAjAvsomACpWRAndEktIvAti-InDAfErzAvDAsAdAlmAnt-
189,-@tD@tEpAkAvprIstinsImplIsAtihWEvR-m@tRzAvivInslYtRpAblIkEntrAst-AndAfarlEsAndtwInzIkwet-D@nDAwElfEr-AvhEstRAndhRCYld-wRstrenjlimIkstApwIDAdIlIbReSAnz-AvlEjAsletRzAnd@ktsAvstet-
190,-DApIriAdwazhardliIf@tclRliRD@nD@tAvWRstcri-wEnAdIspyutkAnsRnIGDArYtAvprapRtiInApIg-natonlikazAfIrsAndbItRkantEstInDAlAjAsletAvbadiAvDAkalAni-bAtrIzAltAdIn@nImpcrtAnt-madAfAkeSAnAvDAfremwRkItsElfAvDAlEjAsleCR-
191,-wih@vspokAnAvpRlzrICAndlAgZRriAntbyuti-AbyutiD@tSonwID-dip-AndvIvAd-tAnts-AbrYtkAmpEkSAn-YzpAzEsIGIntEnsAtiboTAvdEpT-Andglo-AndhErclrEdiAvAdip-glcsibrWn-AndwICAnd@ftRyIrzwUdbinIrliAkIntubl@k-
192,-ItwazDAskarlAtlEtR-AndAnADRfcrm-DAskarlAtlEtRAndWld-wIDlYf-
193,-DAmADRhRsElf-@zIfDArEdIgnamAniwRsodipliskcrCtIntuhRbren-D@tclhRkAnsEpSAnzAsumdItsfcrm-h@tkErfAlirctWtDAsAmIlAtud-l@vISIGmEniWRzAvmcrbIdInjAnuwAtitukrietAnd@n@lAji-bItwinDAbjEktAvhRAfEkSAn-AndDAEmblAmAvhRgIltAndtcrCR-
194,-bAt-IntruT-parowazDAwAn@zwEl@zDADR-AndonliAndkansAkwAnsAvD@tYdEnAti-h@dhEzdR-kAntrYv-sopRfAktli-turEprAzEntDAskarlAtlEtR-AndhRApIrAns-
195,-kAmDErfcrAndlEtAsplIGmAt@tDEm-
196,-bAtpRl-huwazAdatwazCYld-@ftRfrWndIG-stEpIGhRfUt-AndSekIGhaRlItAlh@ndwIDAvRYAtiAvTrEtAnIGjAsCRz-sAdAnlimedArAS@tDAnatAvhREnAmiz-AndpUtDEmcltuflYt-
197,-SiskrimdAndSWldAdtuwIDAtRIfIkvalyumAvsWndwIC-dWtlEskazdDAhartsAvDAfyujAdIvz-tukwekwIDInDEm-
198,-ItwazfRDRdEkRetAdwIDstrenjAndsimIGlik@bAlIstIkfIgyRzAndYAgr@ndz-sutAbAltuDAkwentestAvDAejwICh@dbIndrcnInDAstAko-wEnuliledan-Andh@dnWgronhardAndcrAbAl-fcrDA@dmReSAnAv@ftRtYmz-
199,-DeAproCtDAdcr-wICwazAv@narCtfcrmAndfl@GktaniCsYdbY@nErotWRcrprAjEktAAn-AvDAEdAfAs-InboTAvwICwRl@tAstwIndoz-DAwUdAnSAtRztuklozovRDEm@tnid-
200,-lIftIGDAYRnh@mRD@thAG@tDApcrtAl-EstRprIngevAsAmAnzwICwaz@nsRdbYwAnAvDAgAvRnRzbansRvAnts-AfribcrnIGglISm@nbAtnWAsEvAnyIrzslev-
201,-yRh@zanRAbAlwRSApIzwIDInbAthih@fDAgadliGmInIstrcrtuwIDhIm-AndlYkwYzAliC-
202,-yumenatsihIzwRSApnW-
203,-wIDmEnivErieSAnz-sAgjEstAdbYDAneCRAvhIzbIldIGmAtIriAlz-dYvRsAtiAvklYmAnt-AndAdIfRAntmodAvsoSAlYf-gAvRnhRbElIGhImh@dpl@ndhIznuh@bAteSAn-@ftRDArEzIdAnsAzAvjEntAlmAnAvfErIstetInhIznetIvl@nd-
204,-anDAtebAl-AndtokAnD@tDAsEntAmAntAvoldIGglIShaspAt@lAtih@dnatbInlEftbIhYnd-stUdAlarjpyutRt@GkRd-@tDAbatAmAvwIC-h@dhEstRcrpRlpiptIntuIt-DemYth@vsinDAfrctDirAmnAnt-AvArisAvdrEftAvel-
205,-lItAlpRlhuwaz@zgretliplizdwIDAglimIGarmR@zSih@dbInwIDAglItRIGfrAntAspisAvDAhWs-spEntsAmtYmlUkIGIntuDApalIStmIrR-AvDAbrEstplet-
206,-mADRkrYdSiYsiyuhir-lUk-lUk-
207,-AndtruT-Sisimd@bsAlutlihIdAnbIhYndIt-
208,-pRAlAkcrdIGlir@ntuDAbowIndo@tDAfRDREndAvDAhcl-AndlUktAlcGDAvIstAvAgardAndwckarpAtAdwIDklosliSevIngr@s-AndbcrdRdwIDsAmrudAndImAtcrAtEmptAtrAbRi-
209,-bAtDAprAprYAtRApIrdclrEdituh@vrilIGgwISt@zhoplAs-DAEfRtupRpECuwet-anDAsYdAvDA@tl@dIk-IndAhardsOl-AndAmIdDAklostrAgAlfcrsAbsIstAns-DAnetIvIGglIStest-fcrcrnAmEntAlgardAnIG-
210,-DErwRAfyurozbUSAzhWEvR-AndAnAmbRAv@pAtriz-prabAbliDAdIsEndAnsAvDozpl@ntAdbYDArEvRAntumIstRbl@kston-DAfRstsAtAlRAvDApInAnsIlo-D@th@fmIDAlajIkAlpRsAnAjurYdzTruWRRli@nAlzsitAdanDAb@kAvAbUl-
211,-pRl-siIGDArozbUSAzbIg@ntukrYfcrWRrEdrozAndwUdnatbip@sAfYd-
212,-hiwRblusIlkstakIGz-blunip@nzwIDgoldbAkAlz-AblurAfAldwestAndAj@kAnAvbrYtblubretAdwIDgold-
213,-hIzh@th@dApiktkrWnAdAfl@tbrIm-AndRWndDAbrImwIDAroAvtYnigoldAnbElzDAtIGkAldwEnhimuvd-
214,-InstEdAvSuz-DAoldm@nwRbutswIDtRnovRtaps-AndhIzblukodh@dwYdkafstAvgoldbred-
215,-fcrAlcGtYmhih@dwIStuIksplcrdDAbyutAfAl@ndAvazInwICDelYvd-
216,-wEnDewRWtsYdAGsImplil@CDAdcrInstartAdApDAp@T-
217,-nowAnwUdIstRbdDErlItAlhWs-ivInIfEniwAnkemsofarIntuDATIkfcrAstwYlDewRgcn-
218,-@tDAfUtAvDAmWntAnD@tsEpRetAdDAkAntriAvDAmAnCkInzfrAmDAkAntriAvDAgIlAkAnz-DAp@TdIvYdAd-
219,-hinuItwUdtekDEmtuDAhWsAvDAkrUkAdmAjISAn-humhih@dnEvRsinbAthuwazDErnIrAsnebR-
220,-clDAmcrnIGDetrAjdApDAmWntAnp@TAndItnunAGkAnojozs@tonAfalAntritrAGk-AndetDAl@stAvDAbrEdwICDAoldmAnCkEnh@dplesInhIzpakAt-
221,-DEnDestartAdanAgEn-AndtuWRzletWRkemInsYt-AvDAhWsAvdaktRpIpt-
222,-AGkAnakt@tDAdcrAvDAhWsAndACAbiplEzAntfestlUvAn-drEstclAnblu-opAndIt-AndgritAdDAvIzAtRzwIDAsmYl-
223,-Y@mmYdIrAndclstrenjRzarwElkAmtumYhom-
224,-wih@vkAmfrAmAfYlonlirplesD@nDIs-Alonicrples-
225,-AndyumAstbiojuDAnlAki-Si@dAd-
226,-odoh@dnEvRitAnsACAfYnilAndclhIzlYf-
227,-lIrC@vAlIG-rIplYdojo-Andwist@pDitycrhWsjAstdREsIGrAfrECRsElvz-
228,-DAwUmAnzimTctfAl-
229,-AwAnEnstUdAgretfYRples-InwICAblulcgwazblezIGwIDAbluflem-AndovRDAfYRhAGfcrkEnAlzInAro-clbAbAlIGInstimIG@tAgretret-
230,-hiteksmisEvrAlyIrztumekDIsm@jIkpWdRbUt@tDIsmomAntY@mblizdtusetIznIrli-dAn-yusiYmekIGItfcrmYgUdwYfmargAlat-DuwAnstuyusAmAvItfcrApRpAzAvhRon-
231,-yumAstnosEdmargAladwEnDewRclsitAdtAgEDRanDAbrcdwIndosit-D@twYhAzbAndfulISligevAweclDApWdRAvlYfhifRstmed-tuoldmambiDAwIC-huyuztulivInDAkAntriAvDAgIlAkAnztuDAncrTAvhir-
232,-DAfRstlatwitEtAdanWRgl@skh@t-wICnatonlibIg@ntulYvbAth@zlYvdEvRsIns-
233,-YTIGkDAnEkstgl@sk@tAmAjISAnmeks-wIlh@vniDRbrenzncrhart-fcrDEnItwIlnatAbjEktuk@CIGmYzAndmepruvAvsAmyuzdtuAs-
234,-YmAfredYdontnomACAbWtDAl@ndAlYz-
235,-yusiYdlivdanmYlYfwITWtnAGkiDIzYlAntwAn-AndDErwaznoIndudtElmiEniTIG-
236,-D@tIzwAnwizInyuarojAlDAnlAkisEdDAwUmAnInsImpATEtIktond-
237,-YTIGkYmAstSoyumYp@CwRgRl-sEdmargAlat-l@fIG@tDAbOzAstanISmAnt-fcrSiIzr@DRdIfAkAltuIksplen-
238,-bAtfRstYbAltElyuD@tfrAmEniyIrzYh@vlcGdfcrhIzsRvAnt-tuhEldmiwIDAhWfswRk-AndtukopDAmilzAndwaCDAdISIz-
239,-yEtD@t@skwaznontsoizi@zyumesApoz-
240,-AbEdkwIltmedAvp@CAzAvdIfRAntkYndzAndkAlRzAvklc-olnitlisotAgEDR-
241,-sAmtYmdItIzkcldAkrezikwIlt-bIkczDAp@CAzAndkAlRzarsomnIkstAp-
242,-wEnYfWndIdYsEdtumYsElfD@tItwUdunYslifcrmYsRvAntgRl-fcrwEnSiwazbrctulYfSiwUdnatbiprWdncrhcti-@zDAgl@sk@dIrz-fcrsACAdrEdfAlmIksCRAvkAlRzwUdIskRAthRfrAmtYIGtubi@z-dIgnAfYd@zDAblimACgEnzar-
243,-@tDAEmAldsItiwErWRprInsEzazAmAliAvzgrinIzApapyAlRkAlR-
244,-YwIlS@lyuwAdAgUdjYbYdId-AndSiwEntuItclkAbRd-AndTruopAnDAdcrz-
245,-ojoIgz@mAndDIskyUriAskAntrYvAnzwIDwAndR-
246,-lcrgAladh@dfRstmedDAgRlzfcrmfrAmDAp@CwRkwIld-AndDEnSih@drEstItwIDAp@CwRkskRd-And@neprAnwIDpakAtsInIt-yuzIGDAsemgemAtIriAlTruWt-
247,-DAhEdAvDAp@CwRgRlwazDAmostkyUri@zpartAvhR-
248,-DAhErwazAvbrWnyarnAndhAGdWnanhRnEkAnsYvrAlnitbredz-
249,-goldIzDAmostkamAnmEdAlInDAl@ndAvcz-AndhIzyuzdfrAmEnipRpAsAzbIkczItIstaftIndplYAbAl-
250,-noYfRgardanAbWtDAbrenz-IksklemdDAwUmAn-
251,-wElD@tmebitru-AgridmargAlak-bAtanDAkanAntrEriAsRvAntwIDtumACbrenzIzSUrdtubIkAm-InApEndAntInhYInmYti-AndfilAbAvhRwRk-
252,-SipcrdIntuDAdISAkwantAtifrAmiCAvDizbatAlz-
253,-YTIGD@twIlduSikAntInyud-fcrDADRkwalAtizarnatnidAdInAsRvAnt-
254,-Sir@ntuhRhAzbAndsYd@twAns-AndhElpthImlYvdDAfcrketAlzfrAmDAfYR-
255,-DErkantEnsh@dclRbOldAwe-livIGInDAbatnAmAviCkEtAlAfyugrenzAvfYnwYtpWdR-
256,-DErikErfAliDAmAjISAnrimuvdDIspWdR-plesIGItcltAgEDRInAgoldAndIS-wErhimIkstItwIDAgoldAnspun-
257,-nowAnschImduDIsfcrclwRlUkIG@tDApWdRAvlYf-bAtsunDAwUmAnrImEmbRdwAtSih@dbInduIG-Andkemb@ktuDAkAvRd-
258,-odobIkemwAbItAnizi@tDIs-fcrhih@dclrEdipUtkwYtAlatAvDAklEvRnAspWdRInDAdIS-bAthidErdnatIntRfIr-AndsohikAmfRtIdhImsElfwIDATctD@twAnk@nath@vtumACklEvRnAs-
259,-hisAlEktAdAsmclgolbatAl-wIDApEpRbakstap-soD@tDApWdRmYtbisprIGkAldanEniAbjEktTruDAsmclholz-
260,-mostpipAltctumAC-soItIzArIlivtufYndwAnhutckstulItAl-
261,-YmnatAlWtupRfcrm@jIk-IksEptfcrmYonAmyuzmAnt-hitoldhIzvIzAtRz-@zhilYtAdApYp-wIDAtrokAnst@md-AndbIg@ntusmok-
262,-DAwIzAtAvazhuyuzdtubiAhAGbWDAnunom@tIk@tclh@zbIntekIGlEsAnzAvglEndAp-AndAmtoldhiIzgEtIGtubiAprItikAldwIzRd-bAthiIznIrliDAsIstAntAvDAgretscrsRz-
263,-ItruliIz-AsRtAdDAmAjISAn-
264,-YnoyuzD@mIzctAmEntAlst@CuEriInmYgardAn-
265,-dIrmiwAnAC@nRAbaksRgEtIGtubiAGk-prImakDAmAjISAn-huwazplizdwIDAkamplAmAnt-
266,-@sktDAvOs-InskcrnfAl@ksEns-
267,-DAgretfAlAplczAvDAklRAji-h@zkansAkretAdDAmEmRiAvAprIns-huIndAldDErp@SAnz-AndprAmotAdDErIntrAst-
268,-DAidIktAvmAl@nd-DAgretCardRAvtalReSAn-h@dkAnfRmdtuiCIndImejAwAlAvDAromAnwRld-DAprIvlAjAvCuzIGAndprAfEsIGhIzonrIlIjAn-
269,-bAtDIsInEstAmAbAlprIvlAjwazsunvYAletAd-wIDAnalAjAvtrus-DAEmpRAmbYbDAm@ksAnzAvpRsAkyuSAn-AndDAsEpswICdIsEntAdrAmDAk@TlIkCRC-wRAflIktAdAndAprEst-bYDAtrYAmf-AvkrIsti@nAti-
270,-kanstAntinizAlibIlivdD@tDAhErAtIks-hupAzumdtudIspyuthIzApInyAnz-crtuApozhIzkAm@ndz-wRgIltiAvDAmostAvsRdAndkrImAnAlabstAnAsi-AndD@tIzsizAnAbAl@plAkeSAnAvmadRAsAvErAtiz-mYtsevDozAnh@pimEn-frAmDAdenjRAv@nEvRl@stIGkandAneSAn-
271,-sAmAvDApinAlrEgyAleSAnzwRkapidfrAmDAitIksAvdYAkliSAn-AndDIsmETAtIvkAnvRZAn-wazApladAdbYDAsembISAps-huw@dfEltDAh@ndAvAprESAn-AndplidAdfcrDArYtsAvhyum@nIti-
272,-DeAsRtAdwIDkanfAdAns-AndclmostAvEgz@lteSAn-D@tDActDAstalIkAlsAksESAnwazIntRAptId-D@tclDAbISApsAvDAcrApAndeZAwRInfEktAdbYDAkAntejAnAvgIldzIndskIzAm-AndD@tDApRagAtItAvDAk@fIkCRCwRkAnfYndtuDAtrozImpcrSAnAvDA@frAkAnbIlivRz-huAlonh@dprAzRvdInvYAlAt-DAIntEgrAti-AvDErfeTAndIsAplAn-
273,-bISAps-vRjAnzAndivInspatlAsInfAns-wRsAbjEktAdtuDAdIsgres-AvApAblIkpEndAnts-bIfcrDekUdbiAmItAdtuDAkAnyunyAnAvDAdanAtAsts-
274,-praskrYdbYDAsIGgAlAnklizi@stAkAlpWRzAvDAEmpYR-DAdanAntAststIlnIGtendInsAmpravAnsAzprtIkyAnAliIndAmIdiA-DErsApIricrnAmbRz-AndfcrhAndrAdbISApsIknalIjDAjUrAstIkSAnAvDErprYmet-
275,-sInsDApIriAtAvWRtelDA@ktIvspIrAtAvDAkAntrih@zsRWndIdItwIDAbEltAvrICAnTrYvIGsEtAlmAnts-DonAnbAtDAhAntRcrDAs@vAjIzEvRnonivInWtupEnAtretItswYldrIsEsAz-
276,-DAdyuzwRsAfRtuIksel-AndDAsAnh@dIspRsDAmIsts-AndwazSAtIGAstrcGAndklIrlYtInDAfcrAstwEnDAtr@vAlRzrIzumdDErjRni-
277,-@ftRprAsidIGAfyumYlz-DApragrEsAvhakYhulEdDAdv@ns-bIkemcrdIlIbRAts-AndwaCfAl-
278,-hicfAnstaptuIgz@mAndDAtriz-ncrdIdhikrcsArIvyAlAtwITWtAtEntIvlikAnsIdRIGDAkwantAti-DAvAlasAti-AndDAkAlRAvItswctRz-
279,-dIstrAstIGhIzonjAjmAnt-hIzApilztuDApInyAnAvCIGgACkrUkwRfrikwAntAndRnIst-
280,-yEthirwi-wID@nAScrtrenjAvDAskRunz-AndnatAsYnAvAtrelh@vwikrcst-
281,-lEtAsritresWRstEps-AndIgz@mAn@zwigo-wIDkinRYz-
282,-CingACgUkh@dkatDAlUk-AndmoSAnIGwIDhIzh@nd-hibedhImspik-
283,-DAYzAvDAholpartifalodDAnIkspEktAdmuvmAnt-Andr@DErsAksEsInDAErAvtrYAmfD@tDAyuTAsund-
284,-ItwUdh@vbInmcrwAndRfAlhEdispokAnwITWtAbIdIG-
285,-sisEdAGkAspOntIGncrTAndsWT-@tDAEvAdAntmarksAvDAbrcdtrelaniDRsYdAvhIm-DAdarkErh@zgcntAwcrdDAfcrAst-
286,-IfArakwRrIvAlAtcrbItAvRThardRD@nkamAn-sEvRdDAlEGksAvDAkluDefalod-DAtruYAvDAskWtrAkAvRdDEm@tAdIstAns-AndsEldAmrEndRdDAdIleAvAsIGgAlmomAntnEsAsEri-
287,-IkstIGgwIStpr@nzwRlYIGRWndAsprIG-DAafAlzAvAdIrwRsk@tRdAbWtDAples-AndDAtrizbcrEvAdAntmarksAvh@vIGbInbrWzdbYDAhcrsAz-
288,-AsRkAlAvAfyuhAndrAdfitIndsRkAmfRAnswazdrcn-AndiCAvDApartitUkAsEkmAntfcrhIzpcrSAn-
289,-DAIgz@mAneSAnhWEvRrIzAltAdInodIskAvRi-
290,-DAholpartikrWdAdtuDAspatwRAnkAstpOntAdWtDAImprESAnAvImakAsAnInDAmOstdIluviAn-
291,-rAnb@krAGkAsAndbrIGmiDAsYzAvDAsIGgRzfUt-
292,-natwaTst@ndIGDAhYrEzAluSAnAvhckY-hifUlikamprihEndAdclDAdIfAkAltizAndenjRhiwazAbWtuInkR-
293,-InhIzrItRntuDAk@mp-hIzAkyutAndpr@ktAstIntAlEks-wRIntEntAliEngejdIndIvYzIGminztukWntR@ktAwaCfAlnAsAndsAspISAnanDApartAvhIzEnAmiz-D@thinuwRInodIgriAndfEriRtuhIzon-
294,-AndADRwRdz-wYlhih@dImplIsItfeTInDAbIlAtiAvbelAmz@sktuspik-hiwazsAmwAtskEptAkAlanDAsAbjIktAvAbErzsIGIG-AndyEthih@dbInASUrdAvDAl@tRanDAtEstAmoniAvhIzonIkskwAzAtcrgAnz-
295,-DErwazsAmTIGInhIzErAndDAm@nRD@tbItredtuDAskWt-DAtRkAnfyuZAnAvDAstetAvhIzmYnd-
296,-DAInjinyAshckYhurIkcldDAhestim@nRInwICDADRh@dAbEndAnhIzpost@tDAbEdsYdAvDAsIkwUmAn-waznatwITWthIzsAspISAnzkAnsRnIGDAsAbjIktAvsomACsalAmdIlIbReSAn-
297,-DAbErSUkhIzS@gisYdzAndDEnAwElnonvOsrIplYd-
298,-k@nDizTIGzbirItRndevItbriDIGmcrfrili@zDAtruTbIg@ntudcnApanhIm-
299,-kAmkAmrItRndhckYAnkesIGhIzanAstkWntAnAns-DAbEtRtuASUrDAwevRIGkanfAdAnsAvhIzkAmp@nyAn-yumesiAskInwIC-IfItbinat@zwYt@zwAnAvDAjEntAlwAnz-h@znotInjAvrEdtuItD@tDAwYndzAvDAhEvAnInDAsAnh@vnatbIstod-nW-lEtAstubIznAs-
300,-DAyAGm@nIzInbandIjAndmACYfIrhIzdETAzdAkrid-
301,-YgretlimcrnD@twAnsowEldIspozdSUdYInhIzIgnRAnsAndYh@vsctAgUdlihIm-k@nyulEdmituhIm-
302,-DAt@skwIlnatbidIfAkAltrItRndevIdhEzItetIG-DoYgretlifIrycrprEzAnswUdr@DRInkrisD@nmEtAgetIzAnh@pifcrCAnz-
303,-DAlajInwICAGkAstwazkAnfYndwazInDAvErisEntRAvDAvIlAjAndInAsICueSAnpRh@psmcrdIfAkAltAnEniADRtuAproCcrlivwITWtabzRveSAn-
304,-fcrAfYvAvDAl@tRonlilIGgRdAbWtDAdcrAvDAprIzAnAvAGkAswEribAtklosAbzRvRzAvDAm@nRAvDErk@ptIv-
305,-dIlIvRdInAstrcGtonAvAsEnt-AnWnstDAgr@tAfAkeSAnDAs@vAjwUdrAsivAndwItnAsIGsAC@nEksAbISAnAvwiknAsAnd@nEnAmi-solcGhetAd-AndsomACfIrd-
306,-Dedrub@kAlItAlfrAmDAEntrAnsAndmoSAntuDAsApozItkanjRtuEntR-
307,-bAtDAbErInstEdAbAlbeIG-mentenAvDAsitAdh@dtekAn-AndgrWld-
308,-DAkAnIGm@nIzAfredD@thIzbrETwIbloApanhIzbrADRzAndtekAweDErkRAjdtu-kAntInyudevId-ImdpruvIGDAh@ndhirAsivd-DemAstst@ndfRDRcf-
309,-DEn@zIfs@tAsfYdAvDErsefti-DAskWtlEfthIzpAzISAnAndsloliEntRdDAples-
310,-ItwazsYlAntAndglumi-biIGtEnAntId-solibYDAk@ptIv-AndlYtAdbYDAdYIGEmbRzAvAfYRwICh@dbInyuzdfcrDApRpAsAvkUkRi-
311,-AGkAsakyApYdAdIstAntkcrnRAndArIklYnIG@tAtud-biIGrIjAdAlibWndboTh@ndzAndfitbYstrcGAndpenfAlwIDs-
312,-DAskWt-huh@dlEftdevIt@tDAdcrtu@sRtenliwRnatAbzRvd-TctItprudAnt-tuprAzRvhIzdIsgYzAntIlASUrdAvDErprYvAsi-
313,-wAtS@lwiduwIDAmIGgozD@tDAdcr-DekWntsIks-AndDAsIGgRzIzgUdIznATIG-
314,-DAdElAwErzarCIldrAnAvDAtcrtAsInDeWtstrIptDAdIr-
315,-AGkAs-huh@dclrEdiproCtDAdcrAndrEdinAstulEdDAwe-nWrikOld-AndplesthImsElfwAnsmcrInDAbatAmAvDAlaj-
316,-bAthckYhuwaztumACakyApYdwIDhIzonTctstunotDAmuvmAnt-kAntInyudspikIGmcrtuhImsElfIntuhIzkAmp@nyAn-
317,-soAGkAs-yuh@dbEtRtekDAlEd-wYlYwIlpUtanDAskInAgEnAndtrAstukAnIGfcrwantAvspid-
318,-wEl-wAtk@ntbidAnbYmenkRAjAndwcrmAstbidAnbYsRkAmvEnSAn-
319,-@zsun@zDizdIspAzISAnzwRmed-DAskWtRndtudevAnAndgevhImhIzpartIGInstrAkSAnz-
320,-mYpRsutsarpisfAlandmYtEmpRYhAmlitrAst-IzgretligIvAntumRsiAnlAv-rItRndevIdAlItAlnEtAlD@tsodREktAndAt@kanhIzm@nhUd-bAtDErarnAnhuk@nseD@tYh@vEvRfRgatInmYfeTInDAlcrd-ivInInDAgretAststrets-
321,-IfyuarnatDEnaktanDAhEdyUrbiIGAndankAmpasRwIlprAtEktyu-AndyulDEnh@vAgUdrizAntuIkspEktAdYInycrbEd-
322,-sACuzfcryRsElf-tumekArAS-crtErihir-
323,-brevliIndjEnRAsli@zhib@tAldInmYbIh@f-AndDIsAndmcrwIlYdErInhIzsRvAs-
324,-kipsYlAntIzlcG@zmebi-AndItwUdbiwYzwEnyuduspiktubrekWtsAdAnliIndwAnAvycrSWtIGzwICwIlsRvdturimYndDAIndiAnzD@tyuarnatcltAgEDR@zrIspansAbAlIzmEnSUdbi-
325,-IfhWEvRDetekyRskElp-@zYtrAstAndbIlivDewIlnat-dIpEndanIt-AGkAsAnYwIlnatfRgEtDAdidbAtrivEnjId@zbIkAmztruwcriRzAndtrAstifrEndz-
326,-holdsEdevIdpRsivIGD@twIDIsASUrAnsDewRAbWtulivhIm-Y@m@nAnwRDiInhAmbAlfaloRAvwAnhutctnatDAd@mnAbAlprInsApAlAvrivEnj-
327,-DEnhivIGAhEvisY-prabAbliAmAGDAl@st-hiEvRdruAndpYnIGfcrAkAndISAnhih@dsolcGAb@ndAnd-hi@dAd-ItIzwAtYwUdwIStupr@ktAsmYsElf-@zwAnwITWtAkrcsAblAd-DoItIznatclwezizitudilwID@nIndiAn-@zyuwUdwIDAfIlokrIsCAn-
328,-gadblEsyAfrEnd-YdubIlivycrsEnthIznatgretlircG-wEnDAm@tRIzdulikAnsIdRd-AndkipIGAtRnAtibIfcrDAYz-DomACdIpEndzanDAn@CRAlgIftsInDAfcrsAvtEmteSAn-
329,-DAdElAErdaghisEd-linIGfcrwRdAndpIrIGTruDAdImlYtuk@CDAIksprESAnAvDADRzfriCRzIzhiAfred-
330,-wIlDAhErAnzhirhIzgronz-
331,-Abohik@nstartAdanhIzfit-AndSUkhIzS@gikAvRIG@zDoDA@nAmAlhikWntRfItAdwazAbWtumeksAmdEsprIdEfRt-
332,-hih@dnoAkeZAntudIlefcr@tDAnEkstInstAnt-AbRstAvkrYzfIldDAWtRErAndr@nAlcGDAholwIkstEntAvDAvIlAj-
333,-AGkAsk@stAzskInAndstEptfcrT@nhIzonbyutAfAlprApcrSAnz-
334,-YwIlIndEvRInmYstetmAntuAvOdsACtRmz@zwUdsRvdtulIm@tDAIvEntstu@nipRtIkyAlRples-cRrgIvAklu@ztuDApipAlkAnsRnd-
335,-Yh@dclweznonhImtubirEstlAsInhIzm@nR-bAtanDIspRtIkyAlRAkeZAnhiwazInsACAstetAvAnkAntrolbAl@jAteSAnD@tItwazklIrsAmTIGvEriAnyuZAwAlh@dAkRd-
336,-mYfrEndztEmpRh@dnatImpruvd-sInshih@dbIndIprYvdAvDAkAnjinyAlsRWndIGzAvbekRstrit-
337,-wITWthIzskr@pUks-hIzkEmIkAlzAndh@zhomliAndhYdinAs-hiwaz@ntInkAmfRtAbAlm@n-
338,-Yh@dturEtIdovRkErfAli@zDAtEkstmAstbi@bsAlutlikREkt-
339,-Ywaz@bsAnt-r@DRmcrD@n@nWR-
340,-DAonlidupIkAtwICIgzIstAdsofar@zYnuwazD@twICbIlcGtumYsRvAntb@nAstR-Am@nhuh@zlUkt@ftRmYrumfcrtEnyIrzAndhuzanAstiIz@bsAlutliAbAvsAspISAn-
341,-DAmomAntYlUkt@tmYtebAlYwazAwErD@tsAmAnh@drAmAjdAmAGmYpepRz-
342,-DAprufwazInTrilcGslIps-Yh@dlEftDImcltAgEDR-
343,-DeltRndIvwazD@tsAmwAnp@sIGhRdRvDAkiInDAdcr-h@dnonD@tYwazWtAndh@dEntRdtulUk@tDApepRz-
344,-YgevhImAlItAlbr@ndiAnlEfthImkAl@ptInACErwIlYmedAmostkErfAlIgz@meSAnAvDArum-
345,-AbrokAntIpAvlEdwazlYIGDErclso-
346,-natonliDIsbAtanDAtebAlYfWndAsmclbclAvbl@kdcwRklewIDspEktsAvsAmTIGwIClUkslYksctAstIt-
347,-AbAvclTIGzYdIzYRtusEtAlDAm@tRkwYAtliAndIskritli-
348,-tuDAbEstAvmYbIlifDewRroldAp-
349,-dIdEniwAnoD@tDizprufswUdbiDEr-nowAnsevDAprIntR-
350,-YwazInsACAhRitukAmtuyu-yulEfthRdcropAn-
351,-soItsimztumi-
352,-nWmIstRsAlmz-@tycrdspozAl-
353,-AbAvcRTristudAnswAnAnijstcri-
354,-DEnhiAproCtIt-Andst@ndIGantIptowIDhIznEtkrenhilUktIntuDArum-
355,-DErIznoopAnIGIksEptDAwAnpenIn-sEdWRlRnIdgYd-
356,-Y@mAfredDErarnosYnzhir-sEdhi-
357,-wAnkUdhardlihopfcrEniApansodrYAde-
358,-yulEfhInACEryuse-wICtEr-bYDAwIndoDEr-
359,-DAm@nEntRdAndtUkDApepRzSitbAtSutfrAmDAsEntrAltebAl-
360,-@zAm@nRAvf@kthikUdnatsEdsAlmzfcrYEntRdbYDAsYdcr-
361,-hAlcGwIDutekImtuduD@tyuzIGEvRipasAbAlkAntr@kSAnAkwcrtRv@nWRnatlEs-
362,-DEnhitcstAtdWnAndsizDAnEkst-
363,-hiwazInDAmIdstAvD@twEnycrItRnkazdhImtumekAvErihRitRtrit-vErihRid-sInshih@dnatYmturIplesDApepRzwICwUdtElyuD@thih@dbInDEr-
364,-mIstRscmzwazsAmAnovRwElmdbYDIsflAdAvInfRmeSAn-
365,-homzhEldWtAsmclCIpwIDAlEtRzAnd-EndAndDAspesAvklIrwUd@ftRDEm-yusi-
366,-wAtsAndYh@vclwezdAnyuAndInjAstAs-DErarADRz-
367,-YwazhopIGD@tIfDApepRanwIChirotwazTInsAmtresAvItmYtkAmTruApanDIspalISsRfAs-noYsinATIG-
368,-@zhomzdruDAkRtAnYwazAwErfrAmsAmlItAlrIjIdAtiAnd@nlRtnAsAvhIz@tAtudD@thiwazpripErdfcr@nImRjAnsi-
369,-homstRndAweAndstuptsAdAnlituDAflcr-hAlowAtIzDIs-
370,-homS@tItWtanhIzopAnpamInDAglErAvDAIlEktrIklYt-
371,-wAtkUdhiduhikatApEvriTIGwICwUdbItrehImAndhirAStIntuicrbEdrumtukAnsilhImsElf-
372,-YAndRst@ndItuseD@tDErarTristUdAntuyuzDAstErAndarInDAh@bAtAvp@sIGycrdcr-yEsDErar-
373,-AndDearclInfcrDAsIgz@mAneSAnz-yEs-
374,-wAnhardlilYkstuTrosAspISAnwErDErarnoprufs-
375,-lEtAsutAspISAnzYwIlUk@ftRDAprufs-
376,-mYskalRh@zbInlEftvEripUr-bAthihIzhardwRkIGAndIndAstriAs-hiwIlduwEl-
377,-DAtapflcrbIlcGztumalzmAklRn-
378,-YdAnatgosAfar@zD@t-bAtAvDATrihiIzpRh@psDAlistAnlYkli-
379,-hiwazstIlsAfRIGfrAmDAsAdAndIstRbAnzAvDAkwYAtrItinAvhIzlYf-
380,-bYYh@vAkeZAnAlidAnDAsemTIG@tADRtYmz-
381,-dIdyulUk@tDizpepRzanDAtebAl-
382,-hWkemyutulivDAkiInDAdcr-
383,-EniwAnAnDArumkUdgEtWt-yEsR-
384,-YvrIlItontTIGkIGyumACAbWt@tmIstRhomz-
385,-onlifcrAmInAdcrso-
386,-oYwUdnatvEnCRtusesR-
387,-yuh@vAntsinEniAvDEm-nosR-
388,-ItwazDAIndiAn-huzdarksIlo@tApIrdsAdAnliApanhIzblYnd-
389,-hiwazpesIGswIftliApAndWnhIzrum-
390,-DAsEtAvrumzIzkwYtDAoldAstInDAkalAj-AndItIznatAnyuZAwAlfcrvIzAtRztugovRDEm-
391,-nonemzpliz-sEdhomz@zwinaktItgIlkrIstcr-
392,-AAvkcrshudIdnatrilYzdD@tItwazYhuwaznakIG-bAtnAnDAlEshIzkandAkwazvEriAnkRtiAsAnIndidAndRDAsRkAmst@nsAzrADRsAspISAs-
393,-D@tIzvEriImpcrtAnsh@dhomz-
394,-yudontsumturilYzdDApAzISAn-
395,-tumarowazDAIgz@mAneSAn-
396,-Yk@nbIlWDAIgz@mAneSAntubihEldAfwAnAvDApepRzh@zbInt@mbRdwID-DAsICueSAnmAstbifest-
397,-ItIzpasAbAl-D@tYmebi@nApAzISAnD@ntuIndAketsAmkcrsAv@kSAn-
398,-YwIltekDAbl@klewIDmi-clsoDApEnsAlkAtIGz-kUdbY-
399,-wEnwiwRWtInDAdarknAsAvDAkwadr@GgAl-wiAgEnlUktAp@tDAwIndoz-
400,-DAfWlmWsfElo@tDAtap-
401,-hiIzDAwAnwIDAwRstrEkRd-
402,-wYb@nAstRDAsRmAnt-wAtshIzgemInDAm@tR-
403,-hiImprEstmi@zbiIGApRfAktlianAstm@n-
404,-mYfrEndIdnatApIrdtubidIprEstbYhIzfelyRbAtSrAgdhIzSoldRzAndh@fhyumRAsrEzAgneSAn-
405,-nogUdmYdIrwatsAn-
406,-YTIGkso-yuh@vfcrmdAkAnkluZAn-
407,-yEsmYdIrwatsAndYh@vsalvDAmIstRi-
408,-lUk@tD@t-hihEldWthIzh@nd-
409,-anDApamwRTrilItApIrAmAntsAvbl@k-doikle-
410,-AndwAnmcrDAsmcrnIG-
411,-InAfyuWRzDAIgz@mAneSAnwUdkAmEnsAndhiwazstIlInDAdIlEmAbItwinmekIGDAf@ktspAblIkAndAlWIGDAkclpRtukAmpitfcrDAv@lyAbAskalISIp-
412,-hikUdhardlist@ndstIlsogretwazhIzmEntAl@jAteSAn-Andhir@ntAwcrdzhomzwIDtuigRh@ndzWtstrECt-TIGkh@vAGD@tyuh@vkAm-
413,-yunohIm-YTIGkso-
414,-IfDIsm@tRIznatubIkAmpAblIkwimAstgIvWRsElfsRtAnpWRz-AndrizalvWRsElvzIntuAsmclprYvAtkcrtmarSAl-
415,-nosR-sRjAnlinat-
416,DErwaznom@nsR-
417,-hIztrAbAldbluYzgl@nst@tiCAvAsAndfYnAlirEstAd-wID@nIksprESAnAvbl@GktAsmeApanb@nAstRIndDAfarDRkcrnR-
418,-jAstklozdDAdcrsEdhomz-
419,-wiwantunomIstRgokrIsthWyuAndhAnRAbAlm@nEvRkemtukAmItsAC@n@kSAnIzD@tAvyEstRde-
420,-fcrAmomAntgokrEstwIDAprezdh@ndtrYdDAkAntrolhIzrYDIGfiCRz-
421,-kAmkAmsEdhomzkYndli-ItIzhyumAntuEr-AndItlistnowAnkAnkyuZuAvbiIGAk@lAskrImAnAl-
422,-wElwEl-dontrAbAltu@nsR-lIsAnAndsiD@tYduyunoInjAstAs-
423,-hikUdIgz@mAnDApepRzInhIzoncfAs-
424,-DAhyIndiAndYclsoTctnATIGAv-
425,-wEnYAproCtycrumYIgz@mIndDAwIndo-
426,-nowAnlEsD@nD@t-wUdh@vAC@ns-
427,-YEntRd-AndYtUkyuIntumYkanfAdAnsoztuDIsgjEsCAnzAvDAsYdtebAl-
428,-hirItRndk@riIGhIzjAmpIGSuzwICarprAvYdAd@zyuarwErwIDsEvrAlSarpspYks-
429,-noharmwUdh@vbIndAnh@dItnatbInD@t@zhip@stycrdcr-hipRsivdDAkiwICh@dbInlEftbYDAkErlAsnAsAvycrsRvAnt-
430,-AsAdAnImpAlskemovRhImtuEntRAndsiIfDewRIndidDAprufs-
431,-hipUthIzSuzanDAtebAl-
432,-glAvz-sEdDAyAGm@n-
433,-sAdAnlihihRdhIm@tDAvEridcrDErwaznopasAbAlIskep-
434,-h@vYtoldDAtruTmIstRgIlkrAst-
435,-Yh@vAlEtRhirmIstRsAlmzwICYrotuyuRliDIsmcrnIGInDAmIdAlAvArEstlAsnYt-
436,-ItwIdbiklIrtuyufrAmwAtYh@vsEd-D@tonliyukUdh@vlEtDIsyAGm@nWt-sInsSiwRlEftInDArum-AndmAsth@vlaktDAdcrwEnyuInWt-
437,-ItwazsImpAlInAfAsR-Ifyuonlih@dnon-bAtwIDclycrklEvRn@zItwazImpasAbAlD@tyukUdno-
438,-IfmIstRsomscDEmDAgemwazAp-
439,-InDAdAbetbItwinDAsinyRsAsYAtizhRdIfEnsAvDAfIftinDAmEndmAnth@dbIn-natonliAnotAbAlbItAvrizAnIGbAtdIlIvRdwIDrilInTuzi@zAm-
440,-bIsWTSih@dnatTctAvsIriAsliAndyEt-noIGAvItsdIlYtfAlhaspAt@lAtiAndmYldklYmIt-SiwaznatAvRztuCarlztAncrnucrlAnz-
441,-jantelRhuh@dsApcrtAdhRTukalIjwaz-IntrAstIdInkatAn-
442,-bEtRgohih@dkWnsAlzIntEnCAsli-
443,-mYtlRnIsAmTIGyusfAldWnDEr-
444,-bAtjan-DErznosAsYAti-jAstElAmEtRiwRk-
445,-DInlUkIGAptumzkWnti-
446,-fYzAvkrAswElzDEr-biIgpl@nteSAnz-retAdItuhAndrAdAndfIftiTWzAndalRz-
447,-sAmADRztu-biAkatAnkWnti-
448,-yuctunojan-IfYtiCnigrozYlskErslisimACAvpipAlInmYonkl@s-
449,-@tEniret-Ysego-
450,-hirSiwaztiCIGdRtiCIldrAnIndDAsmElAvkAnfyuzdodRzAndbadAliprRspReSAn-waztuhRt-tYmzAnb@rAbAl-
451,-SiwantAdAgl@nsAvDAnuwUksAndvEriatIkAlz-AndtckAvgretfAl@nTRpizAnrAfcrmz-
452,-sofRDAhAndrAdtYmSiwazTIGkIGtAde-@zSiwcktAlon-AvDAleInb@kAvDAbarn-AndDEnslolidWnTruDAbatAmz-
453,-katAn-Sibast-
454,-Sih@dclmostfRgadAnD@tItwazhirwIDIntACInsYt-
455,-AglImbRIGsiAdElAkAtlivzwIspRdAndmRmRdbIfcrhR-sRCIGAwetuDAncrTwRd-
456,-DErmYbiAbItAvpUrtrihirAndDErbAt-mostAvhIzpleswazsACdEsprItproz-
457,-hRrAgardSIftAdtuDAgrinstaksAndlivzAgEnAndSistartAdtumuvAwe-
458,-katAnIzAwAndRfAlTIGIzItnatbOz-SisEdr@DRprImli-
459,-mIstelRdIdD@tnomACAbWtkatAnbAt-@tlistwAnmcrImarktsimkoldfcr-
460,-dontnowIlAvclTIGzAndwUdwikamEntAdmIstelR-lEtRribcrniGkatAn-AndowEl-@zmAC@ztu@sk-wazDAyus-SitRndAgEntugo-
461,-YsApozDoItstuRlifcrDEm-DEnkemDAIksploZAn-
462,-guwazdontgroandAtapsAdv@zbAt-anDAgrWnd-andRrots-nYkyemz-IzD@tso-
463,-DAgoldInflis-ItsDAsovAlflis-hiharkAnd-
464,-sAnt@myudEmAbliz-wontyu-
465,-dWfcrwAnlItAlh@fWR-Sih@dbInAwUmAntckIGtuAbO-no-nativInD@t-Sih@dbIntckIG-jAstckIG-DewRno-pRsAnzInDAkanvRseSAn-jAstTIGz-wAnTIG-katAn-
466,-DAnRAbAlCalsmITmIsEr@zbrADRwazwckIGzwIptliAptWnfrAmIstRistRlizwclstritcfAsAndhIzfeswazpel-
467,-@tl@stDAkatAnkambYndwaztuclApIrAnsIzInAScrdf@ktAndhiwazsletAdfcrDAsInAt-
468,-wYSUdhinatbi@zADRmEn-
469,-SiwaznathRsElfAnotAbliIntElAjAtwUmAn-SigretliAdmYRdIntElAjAnscrwAtEvRlUktuhRlYkIntElAjAnsIndADRz-
470,-@zSiAwetAdhRgEsSisRviDAtebAlwIDboTs@tAsf@kSAnAndIzkwYAtudfcrhRsoSAlfAGkSAnzwRfyu-tunYtDErwRSijEktDEmclfanhRfIGgRz-sRjemzkrYtAnDArICIGglISm@nyAf@kCRAndledikrYtAn-mIstRInmIsIzv@ndRbAl-mIstRhErikrEswElInhIzsIstR-jantelRAndhIzsIstRAndmIstRCalsmIT-humDAivnIGpepRzmEnSAnd@zlYklitubiyudYnAstesInAtRfrAmnujRzi-AsAlEkSAnAvgEsD@th@dbIndItRmAnAnontuDAhostAz-bYDAmitIGAvkatAnIntrAsRliRInDAde-
471,-mIsIzgreh@dmEtsADRnRzbIfcrbAtnatIntAmAtliAndSiclwezh@dInmYnvIvAdliDErkrultitu-pUrdnigroz-AsAbjIdSimedApOntIvIntAdusIGfcrTwID-
472,-SiwazDErfcrmostAgriAblisRprYzdtuhirmIstRkrEswElIksprEshImsElfsokcrjAli@zApruvIGApnigrAlEjAkeSAn-
473,-duyubIlivInsamEjAkeSAn-@skmEritelR-
474,-h@bIlivInDAtrenInA-pipAltuDAh@skAp@zAti-DAIGglISmAnhirhartAlisEkAndAdhIm-
475,-bAt-krEswEl@dAdsAgnIfIkAtli-kAp@sAtiAdIfAzInomAslebItwinresAz-
476,-DAb@ndApulzwRSUrDIsAndDAIGglISmAn-InstAnsIGIndiA-bIkemkwYtElAkwAnt-mIsIzgrewazmIstAfYbAthardlidErdAdmItAt-DAjEnRAltr@ndAvDAkanvRseSAnsimdtubiD@tmostIndAvIjAwAlznidAdtubisAbmItAdtuDASarprAskrutAnibIfcrbiIGAlWdmAjEjAkeSAnAnd@zfcrDAloRresAz-ItwazsImplikrImAnAltuopAnsACyuslAsaprAtunAtiztuDEm-
477,-wYlzAtivlihIroIk-@dAdkrEswElAvOdIGhIzsIstRzYz-
478,-bAt-wiAnatA-Ez@gliwIlkAm-
479,-mEritelohWEvRrIletIdDAtelAbzcrtumIsIzgrezprYvItirletR-
480,-fcrACAnAtli-sEdmIstRv@ndAful-ncrDRnozInsADRnRzclrYvIGWtAbEtAmyuCAwAlAndRst@ndIGanmostAvDizm@tRz-
481,-hinuDAsIlvRfliz-hIzAzcrzmAstbiruAnd-
482,-ItwazDAfRstgretsaroAvhIzlYf-ItwaznatsomACDAlcsAvDAkatAnItsElfbAtDAf@nsAsi-DAhops-DAdriGzbIltRWndAd-
483,-avswalp-DAkrulswclm-
484,-DArEvAleSAnAvhIzlAvlYtAdAndrYtAndslolitulItflendlYkAsAnrYzovRhImAndlEfthImInvRnIGwAndR-
485,-hip@ntAdtunoIfSitunu-crnuAndkErdnat-clkErdAndnunat-
486,-SiwazsostrenjIndhyumAnAkriCR-
487,-DAwRldwazwctRveldInmIsts-
488,-DEnAvAsAdAnD@dmIdeDAsAnSatWt-hatAndstIl-nobETAvErstRd-DAskYwazlYkluzdildDARdstin-
489,-wErwazDAyusAvIm@jAnIG-
490,-DAlugUdh@dbInlEvAlwIDAdYgzAwikAgo-AndnW-
491,-pRh@pSitumYtbiDEr-wetIG-wipIG-
492,-histartAd@tDATct-hihRidfcrIs@dli-
493,-hizbl@SdIst@ptAlcGfarDRAndfarDRanwRdAntIlinIrDAr@mpardAvDAklIrIG-AndpUt-fUtApanDAtribrIj-
494,-DEnhilUktdWn-DAlUgAnwazdrY-
495,-histUdAmomAntbiwIldRd-DEntRndAndrAStApanDAYlAnd-AgretSitAvd@zAlIGsAnlYtswEptDAples-AndbInidleAmYtim@sAvalAvgrin-Ti-tclwEtAndwIloi-
496,-DAsgwYzAvkatAnSarpEjdhEviwRjAstAbWtubRztubUlz-
497,-fcrwAnlcGmomAntipczd-stupAd-Aget-wIDAtRImezmAnt-DEnliGdIzAliAgEnstDAtri-
498,-higezdAbWkwUdblEkst-AstanISt-
499,-hirleDArEdIGAvDAwIdAl-wIDInfAnAtwRkAnpensAmwAnh@dADRtunWfrAmDAlAguntuDAkrik-IntuwICDA-bcrmRh@drendbYAlcGAndkwUkItwe-DAsAlWIGItsuEmptidREktli-
500,-his@tdWnwik-bIwIldRd-AndwAnTctwazAprimost-so-
501,-DAyIrzAvDAdezAvhRdYIGwRtEn-
502,-DAhopAndrimAvharvAstwazApanDAl@nd-
503,-ApInDAsIklumzcrleanDAlItAlwYtbEd-
504,-DEnD@tInwEbAv-IndlAsTIGzh@dbInkrclIGAndkripIGRWndhR-Sih@dstrAgAldIndAmspiClAstErRAgEnstsAmYtigr@spIGD@tstrofrAmhRlYf-wIDnaldAndkripIGfIGgRz-bAtnW@tl@st-wikli-SiovAnhRYzAndkwEsCAn-
505,-fcrwYlSileInhRCErInh@pidrimiplEZRItsAnAndbRdAndtri-
506,-SirolzwIDAflitIGgl@nsg@DRdDASclRWndhRDEnglYdIGfcrwRdwevRIGtrEmyAlAs-slIptAkrcsDArodAndIntuDAswAm-
507,-Sih@dbInbcrnwIDInItsbcrdRz-wIDInhIzbcrd@zSih@dlYvdIndgro-AndwIDInItsbcrdRSih@dmEthRlAv-
508,-anSihRidAntIlswipIGdWntuDAlAgAnd-AndDAYlAnd-lo-DAkatAnlebIfcrhR-
509,-DACErwazEmpti-bAthinu-
510,-hidartAdTruDAtrizAndpczd-Avtclm@nstrcGlibAtslImlimed-
511,-ItIzvErifYnoldples-AvrEdbrIk-safAndbYApil-pWdRilYkAn-wICh@zdIspRstItsElf-wIDh@piIrEgyAlErAti-soY@ztubrIGDArEdbrIk-IntItRmzAvfrEndlikAndp@nyAnSIp-wIDAlYnstoncrnAmAnts-sRWndIGDATrigebAlz-DopIndoz-AndDAdcrples-
512,-bAtDAwIndozarp@Ct-wIDwUdAntenz-AndDAdcrYTIGk-IzlYkDAget-ItIznEvRopAnd-
513,-fcrItIzAsalAd-hEvih@nsAmdcr-AndmAstwAnsh@vbInInDAh@bAtAvSAtIGwIDAsAnRAsbeIG-bIhYndDAlIvRibl@ki-huh@djAstsinhIzm@stRAndmIstrAscfDAgrWndz-InAk@rIjAndpErR-
514,-Alarj-opAnfYRpleswIDrAstidagzInIt-AndAbErRbcrdAdflcr-@tDAfarEnd-flisAzAvwUlst@ktAp-InDAmIdAlAvDAflcr-sImEmptikcrnb@gz-
515,-AndwAtTruDAlEfth@ndwIndo-
516,-sEvrAkloDzhcrsAz-ApIlyAn-AspEniwil-And@noldb@kswYtopAndAndstaptfUlAvkAlRdr@gz-
517,-@tDAEjAvDIsbaks-DErlYzAgretwUdAntdcl-wIC-sopar@zmyutAleSAnIzkAnsRn-bItRzAstrcGrIzEmblAnstuDAfYnAsrikskAlpCR-AndAspESliInDAtotAlcsAvItsnoz-
518,-DAhIstriAvDAhWsIzplenW-
519,-bAtDErIzclwez@zstrcGgRsEnsAvlYf-wEnDAsAnIzbrIlyAnt@ftRren-AndnWhihIzpcrIGdWnhIzbimz-AndmekIGsparkAlzAmAGDAwEtstrc-AndlYtIGAp-EvRip@CSAvIvAdgrinmcs-AndDArEdtYlzAvDAkWSEd-AndtRnIGivInDAmAdiwctR-D@tIzhRIGAlcGDAC@nAltuDAdren-IntuWrmIrR-fcrDAyElobIldAks-huwrsizIGDAapRtunAtiAvgEtIGAdrIGk-wIDh@zmACbradiInIt-IzpasAbAl-
520,-wErDAgretbarndcrzarTronwYtopAn-AndmEnaRbIziDErmEnIGDAharnAs-AndRDAsupRIntEndAntsAvmIstRgobi-DAwIta-ADRwYs@tAlR-huEntRtinzDEmwID@letAsstrEtAlstAndg@sAp-
521,-hEdhisRl-cfAntUkDAapRtunAti-wEnhR@nsb@kwaztRnd-AvlUkIG@tDAplizIGrAflEkSAnAvhRsElf-InDozpalIStsRvAsAz-fcrDAoktebAl-wazyuZAwAlitRndAplYkAskrin-AndwazmcrfcrardAmAnt-D@nfcryus-AndSikUdsiyRsElfsAmtYmz-InDAgret-rWndpyutRAdISIz-DErwRrenjdanDASEzAbAvDAlcGdildInRtebAl-crInDAhabzAvDAgret-wICclwezSonlYkj@spR-
522,-dudnatsApozhWEvR-D@tmIsIzpOsRwazEldRlicrSruIS-AndhRApIrAns-SiwazAgUdlUkIGwUmAn-natmcrD@netIndTRdi-AfErkAmpEkSAnAnds@ndihir-wElSepAn-lYtfUtId-
523,-DAf@mAlilYknAsbItwinhR-AndhRnistenAmcrAs-wIDAkantr@sbItwinhRkinAs-AndYnAssREfIkjEntAlnAsAvIksprESAn-mYth@vsRvdApentR-@z@nEksAlAntsAgjEsCAn-fcrAmarkDAInmEri-
524,-hRtAGwaznatlEskinD@nhRY-AndwEnEvRAd@msolkemwIDAgRSat-simdtutekAp@nAnfInISlAkCR-@zAb@rAlcrgAnteksApAtun-prIsYsli@tDApOnt-wRIth@dlEftcf-
525,-DAf@ktD@tItwazCRnIGde-wazAnADRrizAn-wYItwazInkAnvinyAnt-tuh@vDAwItAs-AndwYAkansAkwAntli-mIsIzpOsRSUdskoldmaliDAhWsmed-wIDAnyuZAwAlsAvErAti-
526,-tuElApIrAns-malih@dgatTruhR@ftRgEntRwRkIn@nIgzEmplRim@nR-h@dklindyRsElfwIDgretIsp@C-AndnWkemtu@sksAbmIsAbli-IfSiSUdsItdWntuhRspInIG-tIlmIlIGtYm-
527,-spItIGIndid-
528,-YnEvRnuycrikwAlzfcrg@lznAs-
529,-yutctyutuskrYbAflcr-YSUdlYktuno-
530,-komDAwUlfcrDAwUdazIndid-
531,-D@tswICyudlYktubiduIGIzIt-
532,-D@tsDAwewIDyu-D@tsDAroyudclYktugo-h@dlcGzturuAn-
533,-mIstRWtlizIndid-
534,-yuarArErAnprIsItIGdWntuycrwRk-AlItAlwYl@ftRItstYmtupUtbY-
535,-mAni-mYRnztrYtold-hizpUtItdWntuwcrm-
536,-kold@zItmYdarlIG-blEsycrswitfes-
537,-SizgoIGtupUtDAYRnIGTIGzAwe-
538,-mAni-YdIdlYtuduIntuDAbarndtutYmhi-tusiDAwIdad-
539,-nonono-tatiAdgEtRfitwEt-sEdmIsIzpOsR-k@riIGAwehRYRd-
540,-dIdEvREnibadisiDAlYk-skrimdtumIsIzpOsR-rAnIGtAcrdzDAtebAl-wEnRYh@dfalAnanDAblustrim-
541,-tadihWEvR-h@dIsEndAdfrAmhRCErwIDgretswIpnAs-AndwazclrEdiInritrit-tAcrdzDAdEri-wIDAscrtAvwadlIGrAn-AndInAmWntAvf@t-anDAnipAvhRnEk-wICmedhRAlUklYkDAmEdAmcrfAsAs-AvAwYtsAkAlIGpIg-
542,-AndSiwazvErifWndAvyutuInriCAl-
543,-YcfAnhRdhRtckAvyuInDAsemscrtAvwe-
544,-wIChih@db@tb@nIlnAs-AndYwazonliAlEvAnyIrIzoldSiyuzdtuse-yulh@vAfrEndanRTInycr@ntreCAl-IfY@mtekAnfrAmyu-fcrSih@zAkYndhart-AndYmSUrYfWndItso-
545,-AndDErzlInAnInDAhWsIzYkUdwElspEryu-fcrYgatl@tsAvSitIGAndtebAlkloDIGAndtElIGzIzAntmedAp-
546,-bAtnatmcrD@nwICInDAbYbAlAnd-sEdYnA-
547,-nedIriAnd-yunEvRhRdmiseD@tclpipAlarkcldtufcrsekDErwRkInDErf@mAliz-
548,-wik@nclbisRvAntsAvgad-wEEvRWRlatIzk@st-bAthigIvzAsdIfRAntscrtsAvwRk-rAkcrdIG@zhifItsEsfcrItAnkAlzAztuIt-
549,-YkUnomcrhElpspEndIGmYmY-IntrYIGtuduwAtYk@nfcrDAsolzAvADRz-DEnyukUdhElprAnIG-IfyuhRdlItAlt@dikrYIG@tDADRIntuDAhWs-DAvOswUdgotuycrhart-yuwUdTIGDAdIrCYldwazIntrAbAlcrIndenjR-AndyukUdAntrEst-wITWtrAnIGtuhElphRIndkAmfRthR-
550,-YhvstrcGAsSUrAnsD@tnoivAlwIlh@pAtyuAndmYAGkAlAndDACIldrAn-fcrmEniTIGYh@vdAn-
551,-YdIdAntpriCwITWtdREkSAn-
552,-dREkSAn-
553,-Y@dAkamAnpeSAnswIDyu-
554,-bYDIstYmDAtujEntAlAnh@driCtDApelIGzAndh@dgatdWnfrAmDErhcrsAz-ItwazplenDemEntukAmIn-
555,-sEdmIstRAn-wIDhIzstetlikcrdi@lAti-
556,-osRtAmEnSAnAt-sEdDIDIzpOsR-
557,-YdIlYtIGycrkICAn-
558,-pOsRIznat@thomIzhi-
559,-sEdkEptAndaniTcrAn-sItIGhImsElfwErhikUdsiAlcGDAScrtp@sAj-tuDAopAndEridcr-
560,-nosRhiIzAnt-hizgcnturasIdRtusimIstRwEstDAf@ktR-AbWtDAwUl-
561,-bAtDErzfaDRInbarnsR-IfhidbiAvEniyuz-
562,-noTIGkyu-ajAstlUk@tDAwElpsAndlivInmEsItyAbWtDEmwIDycrSEpRd-
563,-YmAstkAmAnADRdeAndsiycrhAzbAnd-Ywantuh@vAkAnsAlteStwIDhImAbWthcrsAz-
564,-fcrIfIzEniwErandDAfarwik@nsEndfcrhyImInAmInAt-
565,-osR-sEdmIsIzpOsRr@DRlarmd-yuwUdAntlYkIt@tcl-
566,-bAtyunumcrAbWtb@tD@nYtisR-
567,-YTIGkYtSUdbiduIGyuAzsRvAsdutRnyuWtAvsACAples-
568,-YnozfarmIzInbEtRcrdRD@nEniADRwIDIntEnmYlzAvAs-And@zfcrDAkICAnhi@dAdsmYlIG-YdontbIlivDErzwAnInDAkIGdAmtubitIt-
569,-bYDAbY-YmnEvRsinycrdEri-ImAsIrdEriIGmIzIzpOsR-
570,-DIsmIsIzpOsAvsEdblUSIG-AndbIlivIGD@tDAk@ptAn-wazrIliIntrAstAdInRnop@nz-AndwUdhAjAsthIzApInyAnAvhR-tuDApIrAnsAvhRdEri-
571,-oYvnodWtItsAnk@pAlcrdR-
572,-bAtpErIspl@nd-lYkD@tAvDAkrIstAlp@lAz-wazAtEmpREriIgzEbAt-
573,-DAlAndAnbl@twazl@stEmpREri-bAtnatpRmAnAt-sAplYIGbIfcrIdwazdcrnWt-nofyuRD@TriTWzAndl@mpsInhotElzjRCAzstcrzAndwElIGz-AndDAvAsInAtiAvholbRnvYAdA-
574,-bEr-mEsyRzjansAnAndh@mRApUtIntupr@ktAsmEniAvDAYdiAznWst@ndRdInDAYrt-AndsIkyUrdmACyusfAldetAvfcrDAwRkAnuycrk-AvwICdAstcri-h@zjAstbIntold-
575,-DAdYnAmoAlEktrIkmASiboTsmcl-wazrobASt-fcrAndRclDAvEriAvspidzAvwctRpWR-AndDAvAsIsItudzAvDApl@tuwICItbIlcGd-ItkAntInyudIn@ktIvyuzAntIl-etinYtinYn-sEvAntinyIrz-
576,-oIGtuhIzInsIstAnsanloprESR-dREktkRAntfcryusAndEnslipapyAletAdIstrIks@zDAonlisefAndtruliyunAvRsAl-prafAtAbAlwe-AvdIlIvRIGIlEktrAkAlAnRjituDAkAnsumRz-@dAsAnh@zbInfrikwAdlispokAnAv@zAnApanIt-AvDAcltRnetIGkRAt-
577,-wY-IfwiIrEktIsteSAn@tDAfclz-ItIzAgretAdkanAmitugEtItAptuAsIti-
578,-DErsimznogUdrizAnfcrbIlivIGD@tItwIlCej-
579,-brcd@zDAprErizAndfriAndTct@zDAwYndzD@tswEptDEm-hiIzIdiosInkr@tIkliApoztulusAn-westfAlmETAz-tupl@nzAvEnpYRD@tnAglEkDApUr@tDAget-
580,-EvriTIGhih@zdAnh@zbInemD@tDAkansRbeSAnAvEnRji-DAkAntr@kSAnAvspes-DAIntEnsApAkeSAnAv-kAlCR-
581,-fcrsAmyIrzItwaznatfWndfizAbAltuapRetmotRzancltRnetIGkRAntsRkAts-AndD@trizAnwazcfAnRjd-AgEnstItsIriAsli-
582,-ItkUdnatbiyuzdfcrIlEktRApletIGcrdEpAzeSAn-ncrkUdACarjdArIjb@tRiz-clAvwICarizAli-wIDInDAbIlAtiAvDAdRrEkRAt-
583,-bAtwEnh@dkemtubiAkwEsCAnAvlYtIGAsk@tRdsAbRb-AgrupAvdwElIGzanDAWtskRrts-YrimontkAntrirEzIbAnz-cr-AfarmWs-DAcltRnetIGkRAntInclElAmAntsevItsdenjRwaz@ndiIzYdil-
584,-@tAsAnwazIntalRAntAvS@mAndSati-AndnATIGwUdsWtAsfYImD@tkUdnatst@ndkrcsIgz@mAneSAnbY-mYkrIskopt-tEstub-Andg@lbAdamAntR-
585,-anlEshikUdsIkyUr@nEnjAnAvsmuDArAnIG-AndmcrIgz@ktligAvRnAntrEkyAletIdD@nDozIv@lAbAlfcrhIzdYnAmoAndl@mp-@tASAnrilYzD@thiwUdfYndIdclmostImpasAbAltugIvAstAdilYt-
586,-mIstR@dAsAnwazAlidRfarAhEdAvDAtYm-
587,-hiAbtendDAdIzYRdspidAndlodwIDAfrIkSAnbreGk-clsorEgyAlYtRAvspid-bAtwetAdfcr@nIndAketRdAvErAfYIt-
588,-DEnAgEnDErwaznononwetulubrAked@nEnjAnfcrkAntInyuAsrAnIG-AndmIstR@tAsAnIndfcrmiD@t-@zAmRinenjAnstartAdbIfcrDASIplEftDAycrgAnkAntInyudrAnIGAntIlItriCtItshonpcrt-so@nEnjAnfcrhIzpRpAsIzmAstprAdustlYt@tcltYmz-
589,-@nAsAnh@dInstcldhIzIzstcrIkfRstgretsEntrAlsteSAnsIstAmAnDAycrk-anDAmAltAbAlarksIstAm-kAvRdbYhIzfitR-AndmenInvEnSAn-wICrIzAltAdInAnotAbAlsevIGInDAkastAvkAndAktRz-@zAgEnstAstretuwYRsIstAm-druWt-AvDA-trikYnd-
590,-hisunfcrscD@tstIlgretRAkanAmiwUdbinEsAsErifcrkAmRSAlsAksEs-natAlonfcrDAlarjRtErAtcriopAnIG-bAtfcrDAkamp@ktdIstrIktAvlarjsItiz-
591,-DAstrcGpAzISAnhEldbYDA@tAsAnsIstAm-AndRDAstrEnyuAskampAtISAnDEtwazclrEdisprIGIGAp-wazIncrmAsliImpruvdbYDAIntrAdAkSAnAvATriwYRsIstAm-Andhigev@nImidi@tEmpATAstuInkAndAsAntlYtIG-
592,-ItwazspESAlisutAdfcrAtrYAlpl@ntclso-InDARlidez-wEnAyildAvsIkscr-etl@mpstuDAhcrsbWlRtwazkAnsIdRsAbjIktfcrkAnr@CAleSAn-
593,-DAsritkAndAktRzwRAvDAovRhEdpolYnkAnstrAkSAn-AdwRInstcldbYDAkAnstrAkSAnkAmpAniD@th@dbIncrgAnYzdbY@tAsAntubIldAndIkwEptsAndrAlsteSAnz-
594,-minwYl-hih@dkcldApanmitumekAripcrtAvDATriwYrsIstAm-non@nIGglAnd@zDAhatgInsAn-boTdaktRjanhapkInzAn-AndmIstREdAsAnbiIGIndIpEndAntAndvEnRz@tpr@ktAkliDAsemtYm-
595,-YTIGkhiwazpRh@psmcrApriSAtIIvD@tYwazAvDAdIsAplAnAvDAEdAsAnkAnstrAkSAndIparn-AndTctItwUdbiwElfcrAstuwetAntIlDAmcrnIGvDAfcrTbIfcrwiStartAdAp-
596,-bAtDApl@ntr@n-AndItwazDAfRstTriwYRsteSAdIndDIskAntri-
597,-DewRletRyuzd@zrIzRvbISiInz@nfYnAli-wIDAEnjAnrItYrdfrAmsRvAs@zpartAvDA-kAlEkSAnAv@dAsoniA-bAtDerImen-Inpr@ktAkliIzgUdkAndISAn-@zwAnInstcldIn-etinetiTri-
598,-DAarkl@mpAndstcldWtsYdAkAstAmRspramAsAz-crInAsRkAtfcrpAblIkstritlYtIG-bRndsomEniWRznYtli-somEninYtsInDAmAnt-Andwazpedfcr@tD@tret-sAbjIkturIbedfcrWRzwEnDAl@mp-mYtbiWtTru@kSAnA-
599,-EvAsAnhEldD@tDAIlEktrAsAtisold-mAstbimEZRjAstlYkg@scrwctR-AndhiprAsidAdyudIvElApAmitR-
600,-DErwaz-InfAnAtskEptAsAzAmRWndhImanDAsAbjIkt-AndwYlADRInvEntRzwRclsogIvIGDAsAbjIkvErTct-DApAblIktUkItfcrgr@tAd-D@tEniTIGsoAtRliInt@njAbAl@zIlEktrIsAti-bEtkUdnatbisin-crwed-AndonligevsEkAndEri@vAdAnsAvItsElf@tDAIgz@ktpOntAdyus-kUdnatbibrctu@kyRAtrEjAstreSAn-
601,-@ndsDA@dISAnIlEktRlItIkmitRIznolcGgRyuzd-dIspYdItsEkCAlAndkwalAtiz-
602,-DAprInsApAlEmplOdInDA@tAsAnIlEktrAlItIkmitR-IzD@twICIgzEmpAfYzDApWRAvIlEktrIsAtitudikAmpozAkEmIkAlsAbstAns-
603,-AsosietAdwIDAsImpAlfcrmAv@pR@tAs-wRvEriAsInjinyAsdItelzAndrAfYnmAntstusIkyUrrEgyAlErAtiAvapReSAn-fridAmfrAmIn@kyRAsi-AndImunAtifrAmsACt@mpRIG@zwUdprRmItTEftAvkRAnt-crd@nAj-
604,-DAst@ndRdEdAsAnmitRpr@ktAswazturimuvDAsElvzwAnsAmAnTtuDAmitRrumAvDAsEntrAlsteSAnkAmpAnifcrIgz@mAneSAn-AnADRs@tbiIGsAbstAtutAd-
605,-IndIsEmbR-etinetiet-mIstRdAbAlyujejEGksrEd@nIntrAstIGpepRbIfcrDAmErAkAnInstAtudAvIlEktrIkAlEnjAnIrz-anDAsIkCyIrzAvpr@ktAkAlIkspIriAnsh@dAptuD@tYmwIDAmitR-DEnmcrjEnRAliInyustAn-EniADR-
606,-DADRz-h@vIGbIn@napReSAntuScrtAdtYmtuSodEfAnAtrIzAlts-clDoDeclsowEnkwIklituAdIvAdAndbesAz-
607,-InDIskAnEkSAn-ItSUdbimEnSAndD@tDAsosieSAnAv@dAsAn-IlumAnetIGkAmpAniz-InDAsemyIr-AdaptAdrEzAluSAnzyun@nAmAslituDAIfEkt-D@tDAEdASUdmitR-waz@ktRd-And@tItsyuswaznatIkspEnsIvfcrsteSAnzAbAvwAnTWzAndlYts-AndD@tDAbEstfAn@nSAlrIzAltswRInvEriAblisIkyUrd-AndAsteSAnsAmIGkRAtbYnitR-
608,-DAmitRkAntInyudInjEnRAlsRvAsdUrIGAtinYtinYn-AndprabAbliAptuDAkloDzAvDAsAnCRi-
609,-hiwedAndriweDAmitRplets-AndpRsudEvRilYnAvInvEstAgeSAnIm@jAnAbAlbAtclInven-
610,-hifEltiwazApAgEnstIt-AndD@tpRh@psInADRkYdAvAjabwUdsudhImb@tR-
611,-DAprablAm-wazsalt-
612,-wiwRmcrEntrAstAdInDAt@knIkAlkAndISAnAvDAsteSAn-D@tInDAkAmRSAlpart-
613,-wih@dmitRzzInwICDewRtubatAlzAvlYkwAd-
614,-hirSiwUdsde-kamfRtAdAndsuDAmAGDAlAvlipl@ntsAnrICIkzatIks-rijOsIGDAhardAvoldtRnADAgardAnRhusInspalizfRstr@ptRAsEntrAns-h@dtekAnRIntuhIzgUdgresAzfcrcltYm-
615,-EvRiC@nsSikUddil@ftRpr@ktAsWRzwRovRAnd@ftRDAkl@mREstAm@nzAvDAbOzApanhRtYmwRfUlis@tAsfYd-wazsizdtuflYanDAwIGzAvDAwYnd-tuDAplWRz-
616,-DEndIr-sEdmIsIzwItni-yulnAstbikYndItuhRD@nEvR-TIGkwAtItwUdbifcrwAnAvyutubiAwefrAmhom-ivInAmAGfrEndz-
617,-sAmhWAvclDAdezwEnDAhomfilIGwazDAstrcGgAst-DIsdeItsimd@zIfSikUdbEr@tnolcGgR-
618,-IfSikUdonlisitfransifcrjAstwAnmomAnt-
619,-oSiIzclweD@tDApi@no-sEdm@n-SimAstbiDErnWsAmlR-AndDEnsAmbadil@ft-
620,-@tDIs-bAtbAndAlopAnsAdAnli-And-Wtpaptfranzi-
621,-bAtpalikUdAntspik-AndIvj@spRh@dAntkathRdjAstIntYmSiwUdh@vkAmbAldovRb@kwRdfrAmDAstulfr@nsiAndcl-
622,-@sktbranziwIDhRlItAlfesklostApalhizon-
623,-nWgAlste-krYdm@n-sepali-wontyu-
624,-oyuarD@t-dIrAstAn-bEstmIstRkIGYEDRsc-bAthWdIdyumekm@milEthRkAm-
625,-IzEntisplEndAd-krYdj@spR-AndIntEntsprYdswElIGAp-faDRnuhWtuduIt-
626,-DAErAbErhisEdsuDIGli-p@tIGhRbrWnf@zhihEd-
627,-Yno-g@sptpali-kAntrolnIGhRsabz-Ywont-onli-Yk@ntT@Gkyu-
628,-@sktbranDiInIntEnsIntrAstslIpIGdWnWtAvpalizarmzAndkrWdIGApklozdtuC@spRsYd-
629,-yEs-clAlonbYhImsElf-AsRtAvj@spRbiAmAntliAndwIGkIGfyUriAslituDADRztustapDErl@pI-hidIdntWtrulifransi-
630,-onoj@psR-YnaTgobYmY-vErionsElf-
631,-bErj@pyu@vgatIt-l@ptpRsi-wYlDADRzskrimd@tbAsYdAvj@spRspes-
632,-dontmYnd@tpali-wIspRj@spR-twEzAthRfclt-
633,-dIrmi-Aj@kyAletAdDAoldjEntAlmInAndDAtmostImenzmAnt-AndsACAtYm@zYvh@dtugEthRhirtu-
634,-h@dAdhRmADREvRD@thRgo-
635,-Si@sktImpAlsIvli-YdIdAntbIlidvyukUdpRswedhRfaDR-
636,-YdIdInt@bAnifIrzIfYwRkt@trYtli-sEdDAoldjEntAlmAnkAmplesAntli-
637,-hikrYdAndhYdAjAn-jAst@zIfhiondAholAvDApEpRts-AndkUdIspozAvDEmclDAsuthIzf@nsi-
638,-AndDAoldjEntAlmAnwazsodIlYtAdwIDhIzsAksEs-D@thih@dDAbRstWtIntuAsIrizAvScrth@pibItsAl@ftR-D@takyApYdkwYtAspesAvtYm-
639,-@tl@sthikemWtAvDEm-AndwYfhIzfesvInRAsli-
640,-ItIzsIkstinyIrzsEnsjanbRrksAndYd-
641,-hIzwYfnWlYzbIsYdhIm-AndDAwYtS@ptD@tmarksDErAgrevzglimzAkrcSDAwitfildz-
642,-frAmdDAncrijAngrevyardwAnlUksWtovRAv@stCEkRbcrd-marktcfIGskwErzAvwitAndkcrn-lYtAndark-darkAndlYt-
643,-frAmDAgrevyardgetwAnk@nkWntD@tdAzAngelipenth@dfarmhWsAz-DAgIldAdw@DRvenzanDAbIgrEdbarndzwentkgAthiCADR-AgrcsDAgrinAndbrWnanyEtofildz-
644,-DAErAndDARDarAkyUriAslimetIdAndIntRmIGgAld-@zIfDAwAnwRDAbrETAvDADR-
645,-hiwazAspAlEndAdfIgyRAvAbO-tclAndstret@zAyAGpYntri-wIDAh@nsAmhEd-AndstcrmigreYsteplisEt-AndRrAsIriAsbrWl-
646,-D@tsnatmACAvAjabfcr@n@tlit-hirYpAntutWnAndb@k-
647,-@tIkz@ndRD@tyusliflet-
648,-Sig@tRdAphRenz-
649,-plizwetfcrmimRi-emIlkokst-
650,-YnEvRsiluzsYdovRhir-
651,-hWbrWnyuvgatAndsyukemhom-YwISYh@d@nt@tAlitImamYcrCRd-
652,-YgEtwEtumYndmizwEnYgodWntupIkCEriz-
653,-Indidhih@dlUktAwewIDApRpAsAvnatsiIGIt-
654,-DeTIGkycrprWdbIkczyu@vbInAwetuskulAvarsAmTIG-
655,-DErwazsAmTIGIndAvIdCyuAlAbWtDAgretfarm-AmostAnyuZAwAltrImnAsAndkErfcrdItel-
656,-aniDRsYdAvDArod-fcrAmYlbIfcrycriCtDAfAtAvDAhIl-stUdtclosejcrAnCrEjAz-DErgl@sigrinmarkIGcfDAyElofildz-
657,-AndiwAnDErAbWtwUdh@vtoldyuD@tDIswazwAnAvDArICAstfarmzanDAdIvYd-AndD@tDAfarmRwazAwUmAn-WtIkz@ndrAbRIksAn-
658,-DErIzivInAwYtroAvbihYpzAndDAarCRd-AndRDAwcln@tdrivz-
659,-fr@GkrEdIGglISspoli-AndDAmcrhirEdAbWtDIstIvcrskes-DAendRiRhigru-
660,-mYrisYd-
661,-AbreTkwYndh@dkAmApAndwazdrYvIGpAfiwYtklWdzAkrcsDAskY-
662,-DAarCRdwazsparklIGAndrIpAlIGAndDAsAn-
663,-D@tInvIteSAndIzYdIdhR-
664,-obAtYmgl@dtugEtDIsplesmod-
665,-jAstsnWDAwYldrozAz-DearclwesospYsi@ftRAen-
666,-winEvRh@dsomEniAvDAmInhirbIfcr-
667,-YsApoD@tDAwEtsizAn-wIlyuh@vtukAtDEmtul-
668,-YsApozD@tDoEtsizAntuDEn-
669,-ItrIklYtIGtuzDAEvriTIGgroIGtIlf@st-AndtugEtDAgr@skAd-
670,-Yduyuspl@St-bAtD@tAspYdAwEpsclovRDAgr@s-
671,-InAfyuAmomAntshirhRdDACErizdrapIGsmartliIntuDApel-AndhibIg@ntuswIGhIzsY-wID@tlcGivInstrokD@tvyuAmErApAnbOzEvRbRn-
672,-baripIktCErizAndseIGscftlituhRsElf-strIpIGwAnglItRIGr@nC@ftRAnADR-SIvRIGwEnSikatASlRAvrendrapsanhRnEkAndhEr-
673,-AndemiAlmodhIzwesbElidWntAcrdDACEritriz-
674,-D@tsAmRDArenzh@dbInsomEniAndapRtunD@tItwazclmostncrD@nSAbctAAndhIzm@nkUdutukiApApwIDAkcr-DAcrCRdwaz@nAglEktAdwIldRnAs-
675,-YdontnoanAvDEm-bAtYnatbInmAnsar-
676,-IfYfilD@tweYfilD@twe-
677,-hiriCtApAmAGDAbr@nCAzAndbIg@ntupIkDAswit-InsIpAtfrut-lcGYvrAkADRdb@riz-tIptwIDmentpinklYkwYtkcrAl-D@tfcltuDAgrWndAnhetAdclsAmYTrul-
678,-hidraptAh@ndfAlIntuhRl@p-
679,-yEs-dontyu-
680,-oAvRscmAC-onliyusim-kYndAvste@tInskultitri-
681,-wEnSiyuzdtutElmiAbWthIm-YclwezwAndRdwEDRSiwazAnhAlD@tAlInApwIDhIm-
682,-ItwUdsRvyuclrYtIfSiwcktcfwIDkarl-
683,-YlYktAtcktukarlAbWtnuycrk@nwAtAfElok@nduDEr-
684,-o-emil-
685,-SURnDAyuarnatTIGkIGAvgoIGcfEr-
686,-bErizfesf@lAndRhIzbrudIGdez-
687,-Y@mSUrWtAks@ndhRhElpsyuwIlspeanhir-SimRmRd-
688,-Ydontatst@ndRWndAvmAgcn-
689,-YmwatubiduIGsAmIGanmYonAkWnt-
690,-sAmtYmzYdontwantuduEniTIG@tcl-AndsAmtYmzYwantupUlDAfcrkcrnRzAvAdIvYdtAgEDR-hiTruWthIzarmAndbrctItb@kwIDAjRk-so-lYkApebAlklcT-
691,-YkEtYRdApsIGm@nAndhcrsAzgoIGApbAndWnAp-bAndWn-
692,-YwISyuwartsolrEspAs-AndIdAntgEtsowRktAfovRTIGz-SisEds@tli-
693,-T@Gkyu-hirItRnduScrtli-
694,-AndyunEvRyuzdtubikrcstumi-
695,-Yk@ntplewIDyuUlYkAlItAlbOEnimcr-his@tsloli-D@tswAtyumEsmRi-
696,-bAtemil-ItYAndRsp@nd-AndWrkUdtYmzarovR-wikUdnEvRdunYsTIGztAg@DREnimcr-
697,-AndEnihWDRznATIGtuAndRst@nd-
698,-D@twontl@st-ItwIlgoAwe-AndbIGwIlbijAst@zDeyuzdtu-
699,-Yprefcryu-bAtD@tdnatDAsem@zIfyupredyRsElf-
700,-Yk@ntpretuh@vDAbIGzYwant-his@dsloli-AndYwontprenatuh@vDEm-natAfYmd@mdfcrIt-
701,-D@nclaRdgwUdYmzarovR-
702,-s@tRde-avhIzfIftinm-DAsiAndbrokInclrWnd-nol@ndInsYt-
703,-DAhRYzInsimzIkstrimlidIstAnt-
704,-clmYdenjR-AndsAfRIks-wrnidAdtustrYkAsparkAvhyumAnfilIGWtAvIn-bAtnWD@tY@mwEl-hIzneCRh@zrAzumdItswe-
705,-yusim@GkSAsmYAGkAl-YsEd-siIGhImkAntInyuAliwIDhIzgl@stuhIzY-@njAs-
706,-wAnmYtbi-wUdlEsrizAnDAnW-
707,-Yh@mnatImpletIGD@tDAretAstslo-bAtD@tDAsitIzsowYdh-
708,-wiarwizIGtYm-AndDAf@ktiAz-Yh@vnatkAmclDIswetutekAlItAlselApanApaAndanAr@ft-
709,-hikcldDAsiApan-AndYlcrGvOejdtUkIGAlItAlsel-
710,-DErfcrdontcktumiAbWtvyuzAndpraspEkts-
711,-YtekDIsIzmY@nsR-AndYlivDAprAfEsR-tubYthIzlIpswIDImpeSAns-
712,-sAnde-argAsIkstiT-
713,-nATIGnuwEDRAnCenjd-DAwYndfrESAnz-
714,-bAtDErsinorizAnAfIr-
715,-DASWdoAvDAr@TwazklIrliWtlYndApanDAsRfAsAvDAwevz-
716,-trulivAsiIzAvInfAnAntwId-
717,-AndmAstbi@zwYdIzDAmEdAtReniAn-crDel@nIk-AndwYnYn-
718,-DizTct@jAtetAdmiclde-InmYIm@jAneSAnskErslikamdWn@ftRsEvrAlWRsliv-
719,-YSAdhR@zYrIkcldDizmanstrAztumYrImEmbrEts-
720,t-Ysc@tDAh@mbRdmuzAntAvDAskElAtAnAvwAnAvDizkriCRz-TRdifitInlEGkT-
721,-YsApozprAfEsRlidAnbrak-wazAvmYApInyAntu-AndivInSErdmYfIrz-pR@ftRh@vIGIgz@mIndDApIk-hIzYztr@vRstDAoSAn-frAmsYdIsYd-
722,-tuzde-agAsteteT-
723,-dIrIGhIzwaC-YslEpt-
724,-tuWRz@ftRwRdzAtErAbAlSakAwokmi-
725,-DAr@ftwazhivdApanAwctRimWntAnAndpICtdWnAgEn-@dAdIstAnsAvtwEnif@DAmz-
726,-DErIzAwelAwElkrYdDAprAfEsR-
727,-fYtwazWtAvDAkwEsCAnW-DArEpthWzroz-DewildRWndWRlItAlr@ft-wIDArEpIdAtigretRD@nD@tAvIksprEstretz-
728,-tumanstRzonlirikriedIGclDIskAmoSAn-AndbIfcrmYz-arturEpthWlzAvDAprImAtIvwRld-
729,-Yk@ndIstIGgwISDAYAvIkDiAscrs-gloIG-lYkArEdhatko-AndhIzlarj@zAm@nzhEd-
730,-ItsjczAncrmAs-AndAkcrdIGAn@CRAlAst-ItIzarnwIDnolEsD@nwAnhAndrAd@ndetitutiT-
731,-DozhyujkriCRzAt@kiCADR-wIDAgretAsAnImasAti-
732,-sAdAnli-DAIkDiAscrAsAndDAplEsiAscrs-dIsApIrbIlo-livIGAwRpAlEtiIGInDAwctR-
733,-@zfcrDAIfDAscrAs-@zhirItRndhusAbmRIGk@bRn-
734,-DArcrIGzbIkAmlcstInDAdIstAns-
735,-DAwEDR-IfwimeyuzDAtR-wIlCenjdbIfcrlcr-
736,-DA@tmAsfIrIzCarjwIDvepRz-prAvedAdwIDAIlEktrIsAtijEnRetIdbYDAIv@pReSAnAvselIGwctRz-
737,-DAIlEktrIklYt-k@nskErslip@nAtretuDAd@nskRtAn-wICIzdraptovRDATiAtRanwICDAb@tAlAvDAElAAnsIzAbWtubiwejd-
738,-DAErIzhEvi-DAsi-hIzkam-
739,-frAmtYmtYmAflisitEftAvmIs-wiyEtsAmglimIGlYtlEftApanIt-trapst@ndApanDAd@nsflcrAvgre-AndluzIzItsElfInDAophek-AndApEnAtrAbAlm@s-
740,-DA@tmAsfIr@zEvAdAntliCarzdAndsRCarzwIDlEktrInsIti-
741,-DAwYndnEvRlclz-bAtuAkwYR-InkristrEGkT-DAv@stb@GkAvhEviklWdzIzAhyujrEzAfar-AfIrfAl-wIndigEstsAndrASIGstcrmz-
742,-DErzAhEvistcrmkAmIGan-YkrYd-pOntIGtAwcrdzDAhRYzAn-
743,-DozklWdsim@zIfDewRgoIntAkrAStDAsi-
744,-anDAm@stclrEdiYsiDAlYtpleAvAl@mAnDIzsentErwolzfYR-DAWtstrECselk@CAznatAbrETAvwYnd-Andh@GzlYkSitAvAlEd-
745,-bAtIfwih@vnWsistuAdv@ns-wYduwiEtlivD@tselus-wICItDAfRstSakAvAtEmpAst-mek@psYsAsInAmomAnt-
746,-D@twIlbiDAsefAs-nononADR-
747,-DApWldAvvepRzkAntEnstInAwctR-AndDAEr-pUtInAvYAlAt@kSAntusAplYDAb@kyAm-lEftbYDAkandAnseSAn-AvDAmIst-rWzAzItsElfIntuAwRldwYn-
748,-harnstRrznYt-
749,-frAmDAndRsRfAsAvDAklWdz-DErkAntInyuAtmISAnzAvlRrAdlYt-IlEkCIkm@tRIzInkAntInyuAlEvAluSAn-frAmDEkAmponAtmalAkyulz-DAk@SAsElAmAnsAvDAEr-hitubislYt-wIDmOstR-fcrInImRAbAlkalAnzAvwctRrAS-ApwRtsIntuDAErAndfalb@kAgEnInwYtfol-
750,-YrAfRdDATAmamAtRItInAkets-DAfIgyRIzAblItRetId-
751,-IzDA@tmAsfIrkAndISIG-h@vIGwAnsriCtIstEnsAti-tubIkAmfanAl-
752,-DAr@ftbErzanstIltuDAsWTist-
753,-@tnunDAv@lAnsAvDAstcrmrAdAbAlz-
754,-iCAvAsIzl@StIzsAmpartAvDAr@ft-
755,-DAwevzrYzAbAvWRhEdz-
756,-Desimdtubiwiarlcst-bAtY@mnatSUr-
757,-hinadzhIzkAnsEnt-
758,-DAfarbAlh@fAvItwYh@fAzRblu-AndDAsYzAvAtEnIntSIl-muvdsoliAbWtDAr@ft-bAtrIvalvIGanItson@ksAsfwIDAstanISIGfAlasAti-@zIfwIprWndbYDAfcrsAvDAwRlwUd-
759,-hirItkAmz-DErItglYdz-nWItIzApDAr@gAtstAmpAvDAm@st-D@tsItlYtlilipsanDAprAvIZAnb@g-dIsEndzwIDAlYtbWn-AndjAstskImzDApWdRm@gAzhi-kcrAbAl-
760,-wiSUlbiblonAp-bAtno-DAd@zAlIGdIskAvmIstIriAslYtnImblilipsAsYd-ItAproCAshandz-hufIks@zhIzbluYApanItsEdAli-ItTrEtnzDAhEdAvmYAGkAl-hufclzApanhIznizwAthIzhEdWntuAvOdAd-
761,-AsAfAketIGsmElAvnYtrRjIdfIlzDAEr-ItEntRzDATrod-ItfIlzDAlcGz-
762,-wisAfRstYflIGpenz-
763,-AndhWadDAdREkSAnzwIlUk-
764,-pUr@As-
765,-ItwazDAwYtr@bItrItRni-spEndAdlidrEstDApErwYtkIdgovzInwAnh@@d-AndAlarjf@nInDADR-hikemtratIGAlcGAndAgrethRi-m@tRIGtuhImsElf@zhikem-oDAdACAstDAdACAs-
766,-owAtSibis@vAj-IfYvkEpthRwetIG-
767,-@lAstUkApDAf@nAndglAvz-And@zDAhclwazvErihat-SikEptp@nIGhRsElf-clDAtYmSiwEntantcki-dIrdIrhWkwIrEvriTIGIztude-
768,-AndyEstRde-TIGkzwEnanjAstAyuZAwAl-
769,-awAndRfYvbInCenjdInDAnYt-
770,-YclmostTIGkYk@ncrmEmbRfilIGAlItAldIfRAnt-
771,-cltrYIfYnoclDATIGzYyuzdtuno-
772,-YS@lnEvRgEtACwEnthi@tD@trYt-
773,-hWCErfAlihisimzdtugrIndhWnitlisprEdIzkaz-AndwElkAmlItAlfISIzInwIDCEntlismYlIGjcz-
774,-noYmedApmYmYndAbWtIt-IfYmebAlclstedWnhir-
775,-ItwIlbinoyusDErpAtIGDErhEdzdWnAndseIG-kAmApAvDEEmdIr-
776,-Y@msovEritYRdAbiIGclAbonhir-
777,-And-YdIklEr-Itstub@dD@tItIz-
778,-YwIScrh@dAntkrYtsomACsEd@lAs-@zSiswImAbWtrYIGtufYndhRweWt-
779,-YS@lbipAnIStfcrItnW-YsApozbYbiIGtrWnInmYontErz-
780,-D@twilbiAkwIrTIGfcr-tubiSUr-
781,-Y@mvEritYRdAvswImIGAbWthir-omWs-
782,-krYt@lAsAgEnfcrDIstYmDAmWswazprIsAlIGclovR-AndSifEltsRtAn-ItmAstbirIliAfEndAd-
783,-wiwontckAbWthREnimcr-Ifyudr@DRnat-wiIndid-
784,-wiwantyutuhElpAspAblISsAmlidIGwRkAvluTRzfcrDAjEnRAlAmErAkAnmarkAt-wIlyuduIt-
785,-DAkAndISAnIzD@tYwIlbipRmItAdtumekluTRtckAmErAkAn-strimlYnhIm-sotAspik-bIkczywIlnEvRgEtpipAlwEDRInRWtsYdDAluTRAndCRC-EkCAwAliturEdluTRAndlEsmimekhIntck@zhiwUdtcktude-tuAmErAkAnz-
786,-lEtAsbIgImwID@t-hIzkamAntEriaGgAleSAnz-
787,-DAndRtekIGwICsimdsoAtr@ktIvwEnvyudIzAlItRErit@sk-pruvDAmostdIfAkAltwAn-AndAtYmzbIkemAprEsIv-
788,-ItwazrItAnInl@tAn-
789,-dAwRkh@dtubikAnvEnst-
790,-AwRdSIdnWbisEtAbWtDAcrAjAnAvluTRzkamAntEri@ngAleSAnz-
791,-mACletR-wEnAfrEndAvhIz-wazpripErIGInAdISAnAvclhIzl@tAnwRks-hirImarktuhIzhomsRkAl-IfYh@dmYweAbWtItDewUdripAblISonliDozAvmYbUks-wICh@vdaktrAn-mYgAleSAnzfcrInstAnsAnd-
792,-InADRwRdzDizTrimEntUkdWnDAlEkCRzwICluTRAdrEstuIsCAns-AndDAkcrsAvAgAleSAnz-AndrcrpriprErdDAm@nisprIpfcrDAprInsR-
793,-ItprizEntslYknoADRAvluTRzrYtIGzDAsEnSrAlTctAvkrIsSi@nAti-DAjAstAfAkeSAnAvDAsEntRfcrDAsekAvkrYsmErAtsAlon-
794,-bAtDAEsAnsAvluTRzlEkCRzIzDEr-
795,-DAlcrdhuh@zgIvAnAspWRtutiC-Andtuhir-lEthImclsogIvAsDApWRtusRv-Andtudu-luk-tu-
796,-DAwRdAvWRgadS@lst@ndfREvR-
797,-InEvRiweDesctuAndRmYnDATcrAtiAvsempcl-
798,-DesEdtuDAgAleSAnz-yuh@vnorYtuTIGkhYliAvpcl-
799,-hiwazDAl@stutRndukrYst-
800,-pakemletRAnhIzbIniTAs-
801,-IndidhipRsAkyutAdDACRCAvprYstfcrAlcGtYm-
802,-duyusApozD@gadfcrDAsekAvAfyuluTrAnhErAtIkst-wUdIsonhIzIntYRCRC-
803,-AgEnstDizbostIG-fclsApasAlz-p@lboldDidIfEnthIzApAstalIkATcrAtiAnmInAsri-
804,-@zDAImb@sAtRAvAgAvRmAntIzhanRdfcrhIzcfAs-Andnatfcr@IzprYvAtprRsAn-soDAmInAstRAvkrYsSUdIgzclthIzcfAs-IncrdRtugenATcrtiAmAGmEn-
805,-pcltIksprYdIGhIzmInAsRi-natuhIzonfrizbAtuDAprezAvgad-
806,-pcl-AndApasAl-natAvmEnItsAtRA-
807,-iDRhikclzmInAstRzTruDAetAnsiAvmEn-crikclz-DEndREktli@zhikcldDAprafAtsInApasAlz-
808,-p@ldDAklErzAvDAfclsApasAlzwRkclDArsEntniDRbYmEn-mcrbYm@n-
809,-DAmostDekUdklem-IzD@tDErwRsImpliADRz-
810,-himEnSAnzDApasAlzfRstbIkczDEripOntAdREktlAbYgad-
811,-DAkalwaznatubitekAnlYtli-
812,-fcrApRsIGDApAzEsnalAjIznamInAf-
813,-IspOlzwAnzbEstwRk-
814,-wEnYwazAyAGm@nYTctpclwazmekIGtumACAvhIzkcl-
815,-YdIdnatDEnrilYzDAImpcrtAnsAvDAmInAstRi-
816,-YnunATIGAvDAdaktrAnAvfeTbIkczrurItatsofAstrinzD@dAsRtAnti-AndDobatiAndRstUdspIrICAlbostIG-
817,-DIsIznosEnfAlprYd-ItIzholiprYd-
818,-AndgadDAfaDRhurezdhImfrAmDAdEd-
819,-DAklcsiGsupRfAlAs-anfRstsYt-
820,-DizprAvRtAzAvDArACnIsAvkrYstrIzIstDAfaDRAndDAsAn-AndDAwRksAvDEmboT-
821,-IndDIsholpIsAlp@ltritsAvDArEzREkSAnAvrYst-
822,-bYhIzrEzREkSAn-krYswAnDAvIktRiovRlc-sInflES-wRld-dEvAl-dET-hElAndEvRiivAl-
823,-fRstu-
824,-AndclDAbrEDrumwICarwIDmi-
825,-DIsSUgofarAndSAtIGDAmWsAvDAfclsApasAnz-
826,-clDoDAbrEDRnwIDlirnatApasAlzlYkmYsElf-yEtDearclAvwAnmYndwIDmi-TIGk-rYt-AndtiC@zYdu-
827,-DedunatgovcrDAEnAmizAvDAgaspAlprAdamAni-DegovRDAkwEsCAnzar-
828,-wardIdDenatInvedDAk@flAkpravAnsAzAndpriCtDErdakrAntuganDIsprInsAz-bISApsAndaktRz-@zwih@vdAnbYDAhElpAvgad-
829,-wilUkfcrD@trIwcrdwICYh@vnatsin-ncryIrhRd-niDRh@TEntRdIntuDAhartAvm@n-
830,-natclDAgAleSAnzh@dbIkAmprAvRtId-
831,-Dizminzk@natbikAntEmAnAn-
832,-DerImendIvYnrAgardlAsAvmEnzApInyAn-
833,-wREvRDAminzAvgresRfWndDErIzDAholiCRC-ivInDo@ntAkrYstrinzDEr-
834,-somACfcrDAtYtAlAvDApIsAl-nWfalozDAgritIGAvDApasAn-vRstTri-
835,-gresbituyu-InpisfrAmgadDAfaDR-AndfrAmWRlcrjizAzkrYst-
836,-DAtRmzAvgresAndpisarkamAntRmzwIDpcl-AndarnWprItiwElAndRstUd-
837,-DAgridIGAvDApasAlzrIfrESAn-
838,-gresAndvclvzDArImISAnAvsEndz-pis-AndDAh@pikanSAns-
839,-DAwRldbr@nzDIsAprAnISAsdctrAn-
840,-IkspIrAnspruvzAs-
841,-hWEvR-DAgresAndpisAvgadwIl-
842,-mEnSUdnatspEkyAletAbWtDAneCRAvgad-
843,-wazItnatInAftusefrAmgadDAfaDR-
844,-tuduso@ztuluzgatcltAgEDRbIkczgadbIkAmzIntalRAbAl-wEnwisiktumEZRIntAkamprihEndIzImfAnAntm@jAsti-
845,-hikemdWntuRTlYvdAmAGmEn-sAfRd-wazkrusAfYd-AndDEnhidYd-st@ndIGklIrlibIfcrAsoD@tWRhartsAndYzmif@sAnApanhIm-
846,-EmbreshIm-AndfRgEtAbWtDAneCRAvgad-
847,-dIdnatkrYsthImsElfse-Y@mDAweIndDAtruTAnDAlYf-nom@nkAmITAntuDAfaDRbAtbYmi-
848,-wEnyuaryuAbWtDAneCRAvgadAparfrAmDAkwEsCAnAvjEstAfAkeSAn-yumebi@zprofWnd@zyulYk-
849,-wiartuhirkrYstuh@zbInApOntAdbYDAfaDR@zaRdIvYndtiCR-
850,-@tDAsemtYm-palkInfRmzarkrit-D@tkrYstIzvErigad-
851,-D@tkrYsthIzvErigad-IzApErAntInD@tpalAskrYbdztuhImdIvYnpWRzikwAliwIDAfaDR-@zfcrInstAnsDApWRtuDAspEnsgresAndpis-
852,-tubIstopisIGgreslYzInDApravAnsAvgad-huAlcGkAnkrietDizblEsIGz-DAenjAlzk@nad-
853,-ADRwYzp@lSUdAvrItAn-gresfrAmgadDAfaDRAndpisfrAmWRlcrdjizsAzkrYst-
854,-DAEriAnztUkrYsfcrAnobAlAndpRfIktriCRsupIriRivIntuDAenjAlz-bIkczbYhIm-gadkrietAdhEvAnAnRT-
855,-moh@m@dclsospitYliAvkrYst-
856,-palstIkstuhIzTiG-
857,-hinEvRluzAsYtAvDApRpAsAvhIzApIzAl-
858,-natgoldRrsIlvRcrp@SAl@mz-wcr@nenjAl-bAthImsElf-wAtfcr-
859,-natfcrAkrWn-wRAkIGDEm-wRWRgUdnAs-bIfcrsInz-
860,-AndRskcrDizwRdz-fcrDEarfUlAvkAmfRt-fcrscrAkanSAnsIz-
861,-hWmDewiAbtenrImISAnAvWRsInz-
862,-paliAnsRz-DAm@nhuIznemjizAzkrYst-AndDAsAnAvgadgevhImsElfcrAsEns-
863,-sInskrYswazgIvAnfcrWRsInzIzst@ndzturizAn-D@tDek@natbipUtAwebYronEfRts-
864,-DIsEnTAnsclsoDAfYndzWRsInz@zgret-sogretInf@kt-D@tDAholwRldkUdnatmekAm@nzfcrAsIGgAlsEn-
865,-DAgretnAsAvDAr@nsAmkrYsDAsAmAvgad-IndAketsnAs-
866,-DAvISAskErIktRAvsInhIzbrctWtbYDAwRdz-hugevhImsElfcrARsIns-
867,-bAtwiarkErlAs-wimeklYtAvsIn-
868,-wiTIGkD@bYsAmlItAlwRkrImErAntwik@nDAsmIsAn-
869,-DIsp@sAjD@n-DErIzWtDAf@ktD@tclm@ncrsoldmAndrsEn-
870,-DIs@tAtudsprIGzfrAmAfclskAnsEpSAnAvsIn-DAkAnsEpSAnD@tsIn@zAsmclm@tR-izAlitekAnkErAvbYgUdwRks-bAtwimAstprizEnWRsElfAntugadwIDAgUdkanSAns-D@twimAstfilnosIn-bIfcrmefilD@tkrYstwazgIvAnfcrWRsAnz-
871,-DAs@tAtutIzyunAvRsAlAndprtIkyuAliDAvElAptInDozhukAnsIdRDEmsElvzbEtRDAnADRz-
872,-bAtDArilsEgnIfIkAnsInkAmfRtAvDAwRdz-fcrWRsInz-IzlcstApanDEm-
873,-anDADRh@nd-wiarnatsurAgardDEmIzsotErAbAlD@twimAstdIspEr-
874,-hip@sAzAbrAptlifrAmpRsAz-tuYdiAsAndnAmbRz-AndfrAmYdiAsAndnAmbRztupRsAnz-frAmDAhEvAnztumEn-frAmAstranAmi-DAfIzialAji-hik@nfyuzIz-Ar@DR-DAsnatdIstIGgwAS-sAbjIkt-@ndAbjEkt-fRstAndfYnAlkazAz-AndIzdrimIGAvCum@trIkAlfIgyRz-lcst-InAflApsAvsEns-
875,-DAInfluAnswICdUtumiAsh@zEksRsYzDApanbIstErAti-IzdupartliCuAlmIsAndRst@ndIG-
876,-InDAsApolzdEpTsAvDAsdYAlA-DAnuplEtnAstsfWohIdAnminIGzAndkAnEkSAnzwIDAjuISAndprICCAnskrIpCRz-AndWtAvDEm-DeIlIsAtAdaktmAnkwYt@tvEriAnswIDIsprdAvpletAl-
877,-TeGwRAbzcrbdInhIzTialAji-AndwErADRduDAmInyAnAvhIznem-wYlD@twICwaztruligritAndtrulikREkCRAsIkInhIm-Iz-EfcrtuiAlYzIndkAnEktAvstrEkSAnz-waznatAndRstUdbYDEm-@tcl-
878,-DArIsAltdenjRAvDAmadrAnkamAntenCRzandAtuniAs-falAGAndtudyuAzsRntIdisAvDAniApl@tnAsts-
879,-InDAprEzAnti-wiarwElAwir-bAt@nEnCAnfAlczAvhR-IztAbiIGtrEbrAtIdfrAmhImsElf-AndbYDAkAntEmpRErihIztriAvTct-
880,-DAf@nsizAvDAmyulpl@tnAs-aronliInjrAstIGtuAs-bIkczDeIksIdAtAvfesAvDAhyumAnmYn-wICfcrveldwYtliInDAfRstsEntrizAvDAkrIsCAnyUrAp-AndIznatholiIkstIGktInWRonde-
881,-bAtDeh@vnATIGtuduwIDAInjRvrIteSAnAvpletAl-AndIndspId-DAarApolztuhIm-
882,-widunatnohWpletAlwUdh@vRenjdhIzAndYAlAns-crwEDRdATctAvRrenjIG-EniuvAm-bIsYstAtutrIlACizwIChih@zIksprEslikAnEktAd-wazEvRprEzAntuhIzmYnd-
883,-DAdYAlAvIzfrYmErAlikAnsRndwIDAeimAlkrieSAn-InkludIGAndRDIstR-DAhEvAlibadiz-AndwIDm@n-Anlhi@zwAnAmcGDAEnimAz-
884,-bAthih@znat@zyEtDAfYAnt-DIsAntAmidiAtEritcri-wIClYzdsAmwErbItwinmEdAsAnAndlEfm@tIkz-AndhiwUdh@vfElt-D@tDErwaz@zfretAndImpYAtiInrIGkIGfyUrizAvfIzIksfRst-InDAcrdRAvnalAj-@zInplesIGDAbadi-bIfcrtusol-
885,-wIDhR@klAtAz-hih@knalIjAzDApRp@CuAlflUks-lYk@nIksEgRAs-hiAsRdtuDAprAdatAnAnsAvmYn-clDoAmItIG@ndElAmAntAvAnDAsEsAti-wICrizAnIzInketAbAlAvsAbduIG-wYDApIfIgrinz-hisAposIzDAmIstRiAvDAwRld-tubikAntendInnAmbR-
886,-mEni-IfD@tclDAElAmAntsAvDAprisokrEdIkfAlazAfi-arInkludAdIntutumiAz-
887,-ItIzfrabAbAl-D@tDArileSAnAvDAdiAstAndgadcrAvgad-tuDAwRld-wazdIfRAntlikAnsivdbYhIm-@tdIfRAntYmzAvhIzlYf-
888,-DAYdiAzclsorImen-bAtDeh@vbIkAmtYfsInneCR-fcrmzAvmEn-EnAmolspRdsfISAs-
889,-DAstYlAnd-wEnAvDAtIniAs-dIfRtgretlifrAmD@tAv-EniADR-AvDAplAtanidYAlIks-
890,-bAtpletoh@znatDAsIGmEsCRiovRhIzTIGSrAmAn-wIChinzIbAtsInDAfitRAzcrsImpozhIm-
891,-nATIGk@ndIksivdDA-byutuycrartAtIGkAdAkSAn-AndwIChizyuzIGwRdz@ftRhIzAkAstAndm@nR-
892,-bAtInDArEstAvDAwRk-DApWRAvl@GgwAjsimztufelhIm-AndDAdrAm@tIkfcrm-IzholdItgIvAnAt-
893,-hikUdrYtInwAnsYl-bAtnatInAnADR-ndDAgrikl@GgwAjh@vdnat@zyEtbInf@SAndbYEnipoAtwRfAlczAfR-tuDIskrYfIzIkAlfAnamAnA-
894,-AndhEns-wifYndAsenzscrtAvklozinAs-InDAtumiAzAvpleto-wICkErEktrYzAzDAfIlozcfAkAlpoAm-AvDAkriSAs-
895,-DErIzAwAnsAvflo-AndcfAnAdIfEktAvrIDAn-DAminIGIzsAmtYGzAvskyUr-AndDErIzAgretRiyuzAv@pAzISAn-AndmcrAvrEpAtISAn-bEnAkRzAndpletAlzfRliRrYtAGz-
896,-pletAlh@dnatDAkAm@ndAvhIzmAtIriAlz-wICwUdh@vInebAldhImtuprAduzAvpRfIktwRkAvard-
897,-sagrAtizbIgInztAtumiAz-wIDAsAmRiAvDAripAblIk-
898,-AndnWhidIzYRztusiDAYdilstet-sEtInmolSAn-ItwUdlYktunohWSibIhevdAndsAmgretstrAgAl-
899,-AndDErfcr-tuyuYtrRndtumiAz-sItIzAnAvwckrAz-wcr@twAnsAfAlazAfRInAstetsmAn-AndtuyukrItiAs-humclAfinyAnsnotubisIniAlRliAkamplISt-IntuhRmcrAtiz-wazclsofItAdbYniCuAndEjAkeSAn-tuSIrInardIskcrs-
900,-YwIl-Iftumi@zAkruvz-YApruv-
901,-lIsAnbEnAndscprAtiz-tuAtelAvsalAs-hu-biIGDAfrEndAvdrogAtAsmYkretgrIndfaDR-toldIntumYgrIndfaDRkrItiAs-Andhitoldmi-
902,-sAmomzAvsalAnwRrAsYtAdbYDAbOs-
903,-AndwAtwazDAsAbjIktAvDApoA-sEdDApRsAnwIlmeDurImark-
904,-DAsAbjIkt-wazAvErinobAlwAn-ItdIskrYvdDAmostfemAsEkSAnInwICDAfinyAntpipAlwREvREngejd-
905,-bAtDAmEmRiAvDErIkspOtsh@dp@stAwi-oIGtuDAwEpsAvtYG-AndDAIkstIGkSAnAvDA@ktRz-
906,-tElAs-sEdDADR-DAholstcri-InAwErsalAnhRDAstcri-
907,-bAtIniCApt-DAtrAdISAnzAvhRonAndADRl@ndz-arbYosr@jIstrAdfcrEvRInWRtEmpAlz-
908,-DAjEni@lAjizwICuh@vrAsYtIdtyu@z-WtAvycron@nAlsalA-arumyIrkCIldrAnstcri-
909,-fcrInDAtYImzbIfcrdAgretflA-@fAnjwazDAgretIstAndbEstAvsItiz-AndIdD@tnobAlAsdidz-Andh@dDAbEstkanstAtuSAnAv-Eni-AndRdAfisAvhEvAn-
910,-salAnmarvold-AndIzYRdtubInfcrmdAvDApaRtIkyAlRz-
911,-nYnTWzAndyIrzh@vyul@st-sInsSifWndIGyUrz-AnditTWzAnd-sInsSifWndInarz-@zWR@nAlzrikwcrd-
912,-mEnyAlc@zIgzIstAmcDIs-wICYDAkWntRpartAvyuwRz@zDiwRInDAoldAntYm-
913,-YwIlpriflidIskrYbAmtuyu-AndIS@lrEdDAkWntAvDEm-@zSilEzR-InDAsikrAdr@jAsCRz-
914,-AbzRvAgEnwAtkIrdAlaktuk-InDAprIsutAvwIztA-sRCIGWtDAdipTIGzAvDAwRl-AndAplYIGDEmtuDiyuzAvmEn-
915,-DAmostfeImAzAvDEmcl-wazDAovRTro-AvDAYlAndAvAtwEntAs-
916,-fcr@tDApErAlAvhRonIkgzIstAns-AndwErDAtRhElIGzh@dIzRtIdhR-SiripWldInvedR-AndcfRonAkwcrdgevlIbRtiCAvclDAneSAnzwIDIndIpIlRz-
917,-DIsIzDAEkslAleSAnAvDAS@lozwICafWdInD@tpartAvDAkl@ntIkoSi-
918,-bAtYwUdnatspik@tDAtYm-bIkczYwantAdturifrESlemEmRi-
919,-DAnWlEtmiIksplendtuyu-DAwAtRAvWREntRtenmAnt-fRst-tuniAs-wazAn@CRAlfAlczAvhR-wIlspikAvDAcrAjAnAvDAwRld-goIGdWntuDAkrieSAnAvmEn-AndDEn-YS@lrAsivDAmEnhumhih@zfrietId-AndsAmAvwumwIlh@vbIG-@jAketAdbYyu-AndIntAdjusDEmtuyu-@zDAlcstDAfidInsItAzAnz-YfoldijIpCAnrEkRdsfo-
920,-bAtcrEdi@tpOntInIkAnamIkAvAluSAnfarAndttetIGDAImojAntsAvDAledi-spESlYzdkAnsEmpSAnAvAgUts-@z@nEvAdAnsAvpAkyunEristrEGkTh@dbIgAntuwRkWtInAmcrAlEslEbRAtsIstAm-
921,-DAtIltIvkAnsEmpSAn@z@nEvAdAnsAv-wElTIztubIkl@st@zAdRivAtIv-groT-
922,-sACkAnsEmpSAn@zfUlztuDAwImAnIzmiliInsIdEntAltuDErwRk-ItIzAminztuDErkAntInyudlebR-AndnatukAnsEmpSAndREktAdtuDAronkAmfUtAndfUlAsAvlYf-
923,-wIDAfRDR@dvansAndkWlCR-DIstubyumeCenjIntusImpAlkAstAm-AvAmcrRlEsrIgRAskErIktR-bAtwAth@vRbiDATyUrAstgobesAzAvDAdIstIGkSAnwIChIzmentend-wEDRIkbiAtubyucrAlartukAmEnSAn@lAti-DAfyuCRzAvDAkAnvEnSAnAlskimAvkAnsEmpSAndunat-CenjizAli-
924,-InDAneCRAvTIGz-lEgZRizAndDAkAmfAtsAvlYfbIlcGtuDAlEZRkl@s-
925,-AndRDAtubusEdAvIkCAlzAndwcpAtIklIrli-sRtAnbEvRIjAs-astrIktlirIzRvdfcrDAyuzAvDAsupIrikAs-
926,-dr@GkAnAsAndDADRpETAlajIkAlkAmzAkwEnsAzAvDAfriyuzAvstImAlAns-DefAtEndInDErtRntubIkAmAnRifIkt-@zbiIGImak-@tDAsEkAndrimuv-AvDAsApIristetAsAvDozhuaRebAltAfcrd-DAIndAljAns-
927,-Ith@zivInh@pAnd-D@tDAnemfcrsRtAndIzistkAndISAnzAvDAbAdiRYzIGfrAmsAC@narAjAnh@zpAstIntuEvRidespiC-@zAsInAnhAmfcrnobAl-crjEntAl-
928,-DAkAnsEmpSAnAvlEjRiz-InDAtrusEns-hIzAkAnsEmpSAndarEktAdtuDAkAmfAtAvDAkAnsumRhImsElf-AndIzDErfcr-AmarkAvDAmastR-
929,-wIDmEnikwonAfAkeSAnz-wIDmcrAkwnIfAkeSAnz@zDApetrErIkAltrAdISAnh@zgrECuAlwikAnd-DAjEnRAlrudIzfEltubirYtAndbYndIGD@twImAnSUdkAnsiumonlifcrDAbEnAfItAvDErmastRz-
930,-DAbjEkSAnAvkosprizEntsItsElfD@tIkspEnACRAnwImAnstrEsAndhWsholdpErAfAnelyA-Iz@nAvIsIksEpSAntuDIsrum-bAtItwIlApIrIGDAsikwotD@tDIs@ksEpSAzmACmcrAbvAs-AndsAbstEnSAl-
931,-DAkAstAmAvfEstAvgEDRIGzprabAbliRIjAnetIdInmotIzAvkanivi@lAtiAndrIlIjAn-DizmotIvsarAlzAprEzAntInDAletAdIvElApmAnt-bAtDedunatkAntInyutubiDAsoldmotIvs-
932,-DErIzmcrAlAsAndlEbRAtsIstAmAvr@GkAngrets-
933,-DIsdIfrEnSieSAnIzfRDItbYDAInhErAtAnsAvwElTAndDAkanskwAntInhErAtAnsAvtEntIlAti-
934,-mEniAvDizAfIlAtujEntAmAntAvlIZR-ar@tDAsemtYmEsAmAnAvsEbstAnsInDAronrYt-soD@tsAmAvDEmAskesnEtAld-ADRzonlipaSlitubiretAd@zbYkErIskAnsumAs-
935,-sEmEniAvDEmhWEvR-@zmekApDArItendRAndh@GgrRsAnAvDApetrAn-mebikast@zbYkEriAskAnsumA-wITWtkwolAfAkeSAn-
936,-mEniAvDizAgEn-AndoldsomEniAvDADRostAkrAsiAvlIstIgri-h@vIGtRnAtACtuDAprRsAnzAdmcrAlAskAmpriEnsIvgrupAvYk@rIzkAnsumA-InDApRsAnzAvDErwYfsAmCIldrAn-DErsRvAnts-rItenRz@tsEtrA-
937,-DAwErIGAvyunAfAlmzAlIvRizImplYzAkAnsIdRAbAldIkwliAvdIpEndAnsAndmeivInbisEdtubiImakAvsEvAtud-rilcrAstEnsAbAl-
938,-DAwErRzAvyunAfAmzAlIbRizmebirEftAdIvYdInIdtutuklcsAz-DAfriAndDAsRvY-crDAnobAl-AndDAIgnobAl-
939,-bAtDAjEnRAldIstIGkSAniznathImD@tukWntubiovRlUkt-
940,-sEd-DozAvhIzIzwICarbYrYtDAprapREmplOnmAntAvDAlIZAvkrcsAnobAl-sAC@zgAvRmAntfYtIGhAntIGDAkErAvarmzAnAkwutmAnts-AndDAlYk-InScpt-DozwICmebikcsDAsAstEnsIbliprEdAtreImplOnmAnts-
941,-EnEvR@zInDizkesAzDAminiAlsEvAsIGkwEsCAnh@ztududEIkliwIDAprYmrIlEZRImplOmAntsAvfYtIGInhAntIG-ItizAliAkwYzArIfEktAdanArifIkErIktR-
942,-DAlIvRibIkAmzAbnAkSAstunilioldhuarikwYRdtuwErIt-
943,-IndAjEnRAlwe-DonatholInclkAnsIstAntliDiztugripskoInsYt-
944,-D@thItpEndAntuAzfRstElAgEtAdfcrDizdutAswazDAwYfcrDACifTwYf-And@zwUdbiIkspEktAdInAletAdIvElpAntAvDAInsAtuSAn-wEnDAnEmbRAvpRsAnzbYhumDizdutAsakAstAmAlipRfcrmdgrECuAnEroz-DAwYfrImenzDAnAst-
945,-bAt@zwidIsEndDAsoSAlskeldDApOntIzprEzAntliriCt-wIrDAdyutAsAvbYkErIslEZRAndkAnsAmpSAndIvaldApanDAwYfAlon-
946,-InDAkAmyunAtizAvDAwIstAnkoTCRDIspOntIzIkprEzAntfWndAmAGDAloAmItAvklcs-
947,-IfbyutukAmfAtIzACivdAndItIzmcrAlAsfcrtutuzsRkAnst@ndzifEr-DemAstbiCivdbYminzAndmITAdzD@tkAmIndDEmsElvzTuDAgretIkAnamIkAlAlAvOsAdEfAt-
948,-Am@nAvDAhWsoldAlsUk@ndusAmTIGADIsTErIkSAnAnInditikAmAnidAz-bAtwIDAstIloRdIsEntIntuDAlEvAlzAvIndAjAns-AlcGDAmarjAnAvDAslIms-DAm@nAndprEzAntliclsoDACIldrAn-vRCAlsiztukAmsiumv@libUlgUdzfcrApIrAnsIz-AndDAwUmAnrImenzfRCAliDAsolIksponAntAvAhWsholdspAkyunEridisAnsi-
949,-vErimACAvskwalRAndIskAmfAtwIlbiIntudbIfcrDAlcstrIGkAtcrDAlcstpritEnsAvpAkyunEridisAnsizpUtAwe-
950,-DErIznokl@sAnokAnpriDAt@zyildAdsoAdIkyubIfcrDAprESRAvfIzIkAlwant-@ztudIniDEmsElvzclgrEtAfAkeSAnAvhIzhYRcrspRriCwAlnid-
951,-DAkwEstAnAs-wICAvDAtumITAtswIlmostAfEktIvliriCtDApRsAnzhuzkAmvIkSAnzItIzdAsYRdtuIfEkt-
952,-iCwIlDErfcrsRvAbWtikwAliwElduIGDARniAsteCAzAvsoSAlgroT-
953,-DAmAdAnaRgAnAzeSAnAvIntAstriwRksInDAsemdREkSAnclsovYnAvRlYn-
954,-ItIzEvAdAntDErfcrD@tDAprEzAntrEndAvAlIvElApmAntIzInDAdarIkSAnAvhYTAnIGDAutIlAtIvkAnspIkIskAnsEpSAn@zkAmpErdwIDlEZR-
955,-ItIzclsAnYtIsAbAld@tDAsAbsAbIlAtIvkAnsEmpSAn@zAminzAvripyut@zwEl@zDAInsIstAnsanIt@z@nElAmAntAdisAnsi-Iz@tIdspEstInDozpoSAnzAvDAkAmyunAtiwIDhyumAnkantIktAvDAIndAvituizwYdAstAndDAmobIlAtiAvDApApyAleSAnIzgretAst-
956,-kAnsEmpSAnbIkAmzAlajAElAmAntInDAsEndRdAvlIvIGInDAsitAD@nInDAkAntri-
957,-AndmAGDAkAntrApApAleSAnItsplesAztusAmIksD@ntekAnbYsetIGzAndhomkAmfUtsnonTruDAmidiAmAvnebAdgosIpsAfISAntlitusRDAlYkjEnRAlpRpAzAvpAkyunErirIpyut-
958,-DEnrizElvthIzAgretmAbIltiAvDAnebRImpOdhImpIntIG-p@psgretRD@nInEniADRikwAliwEldIfYndAndkAnsIdRAbAlbAdAbwRkmAn-
959,-AndRDAsimpAltEstAvAfEktIvnAsfcrEdvIthYsIG-wiSUdIkspEktAfYndlEZRAndDAkAnspIkIzkAnsAmpSAnAvgUdz-dIvYdIGDAfildAvpAkyunEri@myAleSAnpritiivInlibItwinDEm@TAWltsEt-
960,-bAtDA@kCAwAlkosAvdIvElApAnth@zbInsAmwAtdIfRAntfrAmDIsYdilskim-lEZRhEldDAfRstpes@tDAstatAndkemtoldAr@GkfErAmAtIbAvpwesfAlkAnsEmpSAnAvgUdz-boT@zAtErIktIksponAntAvwElTAnd@z@nElAmAntInDAst@ndRdAvdisAnsi-duIGDAkwosYpisAbAlkAlCR-
961,-ArDAsEkAms@nspRmItIGkD@tInstIGkdIsposIzmEntulUkwIDfevuRpAmprAdEktIvIfISAnsi-AndYnwAtEvRIzAvhyumAnyuz-
962,-ErikAnsIlieSAnbtwinDAtukAnfIktIGrRkwYAmAntsIzIfEktAdbYrIzcrtumekbIlif-mEnAnIntrAkAtpAlYtAbsEvAnsIzAmsoSAldyutIsAvAsErAmonyAneCRardIvElApt-mEnirgAnAzeSAnsAfWndIdwIDsAmspiSAsAbjEktAvImyulReSAnAndbAdIdInDErAfISAlstYlAntYTAl-DErIzmACkAmIGAndgoIG-AndAdilAvtck-tuDAEnD@tDAtckIzmenath@vAkeSAnturAflEktanwUtIzDAfEkCAwAlik@nAmIkv@lyAvDErtr@fIk-
963,-DAselAdfyiCAzAvDIsdIvElApmAntAvdAmEstIks@tAsh@vclrEtubInIndAketAd-
964,-TruWtDAIntYrAvAluSAnAvkAnspIkIzIkspEndACR-wEDRAvgUdsRAvsRvAsIzcrhyumAnlYf-rEnzDAbvIsImplAkeSAnD@tIncdRdrAfEkCuwAlimEnDAkAnsyumIzgUdTeG-ItmAstbInIkspEnACRAvsupRflutiz-
965,-@zyuzdInDAspiCAvEvRidelYfDAwUdk@rizAndAndRtonAvDIprAkeSAn-
966,-DAyuzAvDAwUdwest@zAtEknIkAltRmDErfUlImprYznodIprAkeSAnAvDAmotIvzcrAvDAEnsscltbYDAkAntyumRAndRDIsk@nAnAvkAnspIkyuswest-
967,-bAtItIzAnADRgrWndswRTnotIGD@tDAtImwestInDAl@GgwACAvEvRidelYfImkYzdD@prikeSAnAvwAtIzkErAktrYzDAswestfAl-
968,-InstriktEkyRAsinATIGSUdbiIGkludAdAndRDAhEdAvkAnspIkAswestbAtsACIkspEnACR@zIzInkRtanDAgrWndAv@nIGvItAspAkyunErikAmpErAzAn-
969,-AndctukAmebiyuzfAlAndwestfAlboT-AndhisItIlAtAdtuDAkAnsirImebimedApAvyuzAndwestInDAmostfErIGprApoSAnz-
970,-AndcfAnh@zmYmADRsEdwYlanhRl@bYlEdmYhEd-SifIrdfcrtYmYwaznatmed-bAtfcrItRnAti-
971,-wYarwidtubidInYAtiCADRsAsYAti-
972,-wYrwitubidIvYdAd-
973,-SrUrliItmAstbibIkczwirIndenjRAvlAvIGACADRtuwEl-AvluzIGsetAvDAkrietRInYdAlAtriAvDAkriCR-
974,-wiztudIspyutAbAlpatIksAnrElAjAn-
975,-SiAtcriIGkludimAnzdctRwazclwezInAmYncrAti-AvwAnInWRhWsAvYAlAndIsEntAnr@dAkAlIzAm-
976,-hRfyubAlhElTivhR-hRyildIGm@nR-fcrSikUnEvRApozEniwAnwITWtg@DRIGApclhRstrEGkTfcrDAstrAgAl-
977,-hispokfrEnCpRfAktli-Yh@vbIntold-wEnidwaz-bAtdIlYtAdyuZAwAiAntckIGDAbrctAstycrIkCR-
978,-AndsolYfAndETh@vdIspRsDAsRkAlAvYAlIGr@tAkAlzAndIsEntRz-IntuwICtwEntiIrzAgoADAlItAlkwYAt-rEzAlutklRjimAnzdctRwazrAsivd-AndbYhumSiwaztrulilAvdAndAnRd-
979,-jEnyuEriAndfEbyAEriAvetinTRdisEvAnh@dp@stAwe-AndstIlDErIznorIplYfrAmsElvi-
980,-Y@mnatdIpriSietIGItwEnYseD@tInDiztYmzItIznatrEr-
981,-bAtItIznatwIDAvyutudIstIGkSAnD@tyuSUdkAldtAvedDIstElAnt-Ifyuk@nsAlyRanh@pinAs-
982,-yuwIlseD@tAwUmAnh@znonidAvsACAkaSAn-DErk@nbinopErAlInItfcrhR-
983,-DAmcr@SizEngejInhRprapRdutiz-DAlEslEZR-wIlSih@fRIt-ivIn@z@nAkampISmAnt-AndArEkrieSAn-
984,-tuDozdutizyuh@vnatyh@vbInkcld-AndwEnyuaryuwIlbilEsigRfcrsAlEbRti-
985,-bAtdunat-sApozD@tYdIspErIjDAgIftwICyupAzEs-ncrD@tYwUdIskRdyufrAm@ksRsYzIGItYonliIgzcrtyu-sotuTIGkAvIt-AndsotuyuzIt-@zturEndRItkAndusIvtuycronpRmAnAngUd-
986,-fErwElm@dAm-
987,-DoYmebibAt-@ndEngreSAs@dvYzRyuwIlAlWmi-DErfcr-tusAskrYbmYsElf-wIDAbEstwISIzfrh@pinAs-hirAndhir@ftR-ycrtRfrEnd-rabRItsElvi-
988,-sR-marCsIkst@ns-
989,-YhvnatvEnCRdtuhopfcrsACrIplY-sokAnsIdRAtInItston-sonobAlInItspIrAt-
990,-YnoDAfRstlEtRYrotuyuazclsEnsDIstr@SfrAmbIgInIGtEnd-bAtY@mnatctAgEDRDAYdAldrimIGbiIGItwUdsimtudInot-
991,-YTctIdDErfcrmYdutiwEnYlEftskultubIkAmAgAvRnAs-
992,-InDAivnIGzYkAnfEstYduTIGk-bAtYnEvRtrAbAlEniwErElswIDmYTcts-
993,-YkErfAliAvOdEniApIrAnsAvpriakyApeSAnAnd-IksEntrIsAti-wICmYtlEdDozYlYvAmAGstusAspEktDAneCRmYpRsuts-
994,-YdontclwezsAksid-fcrsAmtYmzwEnYmtiCIGWRsoIGYwUdr@DRbirEdIGArYtIG-bAtYtrYdtudInYmYsElfAndmYfaDRz@prAbeSAn-@mplirIwRdAdmifcrDA-prAveSAn-
995,-YgEtYT@Gkyu-dIzInsAdAnYsApozwRbirInyudnomcr-IfYlYvdtubi@noldwErmAnYS@lrImEmbR@tTRdiyIrzhEns@zAbretdrim-
996,-piEs-presRIkskyuzmifcrYtIGtusEkAndtYm-Yk@nathWlbrYtIG-parlitutehWT@GkfAlY@mfcrycrkYndnAst-AndpartlizlEtyunoD@tyIrvYS@lnatbiwestAd-hWEvRsarAflinrIlEktIniImebi@tfRstfalod-sibi-
997,-Yk@natdIntYmYsElfDAgr@tAfAkeSAnAvInsRtIGsoDizrIplY-
998,-k@zwIk-marCtwEntisEkAnd-etinTRdisEvAn-dIrm@dAn-
999,-yulEtRh@zgIvAnmigretplEZR-AndYSUdnatfRgIvmYsElfIfYdunatElyuso-
1000,-AvDIsEkAndlEtRclsoSispok-AndtoldmiD@tItkAntend@nInvIteSAnfcrhRtugoAnsiDApoAtIfEvRSivIzAtAdDAleks-
1001,-AnagAstwEntisEvAnT-etinTRdisEvAnSirets-
1002,-kAmkAmYmgEtIGrIlitErtAgr@bsAns-
1003,-s@tRdi@ftRs@tAtikAmzRWnd-AndYk@nh@vnohopAvhirIGyunakAvDAdcr-AndDEnbIntoldD@tmIsiIzkAm-odIr-
1004,-InhIzmAnatInIzlYfAvmYndb@twazAplEzAntIvEnt-
1005,-YwazyuvRrIkRAgEn-bAtItwIltektucrTriIntRvyuzbIfcrDAstIfnAs-DAInstrenjmAntIt-AvDIslcGsEpReSAnwRwErAwe-
1006,-mYsfolAtErIzwEnYk@ntr@stDAblIsAvsACAstet-brYtAndbYhopsAvDAfyuCR-wIDAmElAnkalistedAnWlYvInAnsRtAnD@tY-EvRfEltrukAntrESAn-wAndRIGn-InTctIndid-lcGIGfcrholinAzwICYS@lnEvRnEvRAbtin-smIjAnD@tYmztuDAhart-wIDAkAnvIkSAnD@tdEslik@lvAnIstIkdakCAnzartru-darkAndInSUrdbYDAvEriS@dovzAspIrICAldET-
1007,-IfkrISAnpAfEkSAnbinEsAsEritus@lveSAn-YS@lnEvRbisevd-mYhartIzAvErihatbEdfcrsInfAlTcts-AndwEnYdIsYdan@n@kSAnYskErsRrmEmbRtulUktumYrRdimRAfcrAdREkSAn-
1008,-AndmintYm-AndADAgretnAsAvjEvA-YknarjdDAprAfEkSAnAvhIzwRd-YAdcrDApyUrAtiAvDAkrISAnfeT-mYTIriIzrYt-mYpr@ktAshardlircG-
1009,-DAkrIzAnAzhalAtizkem-AndSi@nd@ndrItRndtuDAparsAnAj-AndtuD@th@pihomsRkAl-InwIC-AlonDErneCRzIksp@ndAd-AmAGstclADRpipAlDeSrAvAlD@tmcrlEs-
1010,-IndidDErwronliwAncrtustrenjRzhukUdbiAdmItAd-AmAGDAsIstRIzwEltprAdusIGDAsemrIzAlt-
1011,-SiwazgcInWtIntuDAvIlAjansAmErAndwYn-@zSiwazdIsEndIGDAstipstrithRfUtslIptanDYsAndSifEl-hiwazdarkAncnschRmhIzC@ns-tIl@ftRAtYmhRgronzAtr@ktAdDAtEnSAnAvAp@sRbY-
1012,-AndfcrCAnAtliDAfr@kCRk@natbisEtusIksAklakD@nEksmcrnIG-@znosRjAnwaztubih@dbIfcrD@tYm-AndSinWlYzAtRhWs-InAvEridWtfAlAndenjRAstet-
1013,-hWEvRrImEmbRIGwAtyu-toldmi-nemliD@tyuh@dkAmEndIdDAm@tRtuhYRdIsIZAnD@narz-AndD@tsyuarizalvzAsAmItwIDrEzAdneSAnD@tdIsIZAn-wAtEvRimYtbi-YholdItmYduti-tuyildclsoAndtubisYlAnt-AndmebiclfcrDAbEst-
1014,-@ftRDIsdIzApOntmAn-YnEvRdErEkAnwIDsRtAntianDAEnjOmAntAvAplEZRAgEn-Itsimz@zIfsAmfAt@lAtistUdbItwinyuAnmi-
1015,-Y@mnatgUdInAfcryu-AndyumAstbikEptfrAmDAkAnt@mAneSAn-AvtuIntAmAtsAsYAti-
1016,-AgUdnebRAvDAbrcntez-AklEvRIntElAjAntycrkCRwUmAn-hukipsDAdrAgAsSapAndhcwRT-AndfrAmRakyApeSAnhRIkspIriAnsAndEksAlAntsEndz-holdzDApAzISAnAvIlAjdaktrAsAndnRs-And@zsACh@zbInAfrEndInmEniAtYmAvtrYAl-AndsIknAsAndET-InDAhWsholdrWnd-toldmiAkErktrAstIklItAlInsAdAnt-kAnEktAdwIDt@bizfr@kCRlEg-
1017,-t@bih@dlYvdwIDEmfcrtEnRtuElvyIrzAndwaz-@zSUrlItIksprEstId-wAnAvDAf@mAli-
1018,-hirfyuz@tfRstulIsAntuDAkErfAl@dvYs-ItwazrIpAnAntuhIzlIbRAlneCR-
1019,-DIsdIsIZAnwazkAmyunAketAdtuDAgRlz-
1020,-t@bih@dtEndAdDEmInDErtYldhUd-DeAnAnADRSUdtEndhRInhRInfRmAtiAnej-
1021,-@titYmDEwR-s@dAndsYlAntAndDAmilwEntuweAndtACbYEnivDATri-
1022,-Sih@dAnADRwetanhRmYndDIskrIsnAs-
1023,-bAt@nh@dbIg@ntusAvrAdIsbIfcrDAhalAdizAndSarlAdwaSovRhRyAGgRsIstRz-wIDAjElAsvIjAlAnsAvsAmwYldkriCR-D@tCenjAzhRvErineCRIfdenjRTrEndzhRyAG-
1024,-stAGb@@gzYAtifcrDIs-lItAlsIstR-SiApbretAd-mIstAbAlyufcrhRf@nsidIndIfRAnstuAndstutAvhElT-
1025,-stIlhRharth@drAsivdASakInDApRsEpSAnv@ndzdElAkAsi-AndclDizhalAtiSiwaCtovRhRwIDAlcGIGfandIgzYAti-wICIzsofUlAvsEdAnp@GzAfIr-
1026,-YdontwEDRbrWnwElwazmentenIGhImsElf@dDIstYm-
1027,-tusElAbrYtDARYvAlAvhRsAn-sIlviAgevAsplEndAdsApRtuwICSih@dInvYtAdclhRrElAtIvz-AndItwazAgUdapRtunAtifcrmitumekDErAkwentAns-
1028,-wITWtseIGItpazAtIvli-SimedmiAndRst@ndD@tbiIGhRsElf-AndAlEstriAsmEmbRAvDArIpAblIkAvlEtRz-SiwazwElAwErD@tSiwazspikIGtu@nInsEkt-
1029,-IncrdRtuplizhR-YspoktuhRAvDA@bikanni-AndYh@dAkeZAntukwotulYnzAvD@tprofWndrYtR-
1030,-m@dAmkREktAdmiwIDApetrAnYzIGErfcrmYprAnAnsieSAnAvDAwRd-skAvRA-wICminzdIvYdAd-seIGD@tItctubiprAnWnst-skyUrA-AndSi@dAdD@tYctubivErigl@dtuh@vlRnIdsomACanDAfRstdeAvmYRYvAlIndpErIs-tElIGmiD@tItwUdbi@nImpcrtAnt-deInmYlYf-
1031,-hRfeswazInAnIgmYfcrItInspYRdEvRiwAnwIDAwcrmAstsImpATi-AndyEt-IfyuIgzEmAtIdAtEntIvli-DErwaznatwAnvyutAfAlfiCR-SikUdnatbikcldh@nsAmbAtnowAnkUdh@vTcthRAgli-
1032,-sIlvIGAwazDA@tReSAnAvfr@ns-AndhRtElAntwazDArilsApcrt-AvclDAkamAtiz-wICDAgretIzctRzrotfcrhR-IspESliAv-DAplezAvmEriAvAl-fcrwITWthR-hIzkamAdizwUdnEvRh@vgcntuprastErAti-
1033,-sIlvih@dIdnatTIGkD@thRgUdkandAktwazAmErAt-fcrSinuD@tSiwazvRCuAsonlibIkczhRsElflAvkAmhEldhRtubiso-AndSinEvRIGsIbAtAdEniprYd-crAsumdEnizApIricrAtitAwcrdzhRTi@njrIkAlsIstRz-clDozh@tAsfYdtuSYnbYDErt@lAntcrDErbyuti-DekErAntlItAlAbWtrEndRIGDEmsElvzkAnspIkyuAsbYDErvRCu-
1034,-tuyIrzbIfcrhRdETYschRpRfcrmDAkErIktRAvmEri@nInDAkamAtiAvmErIvo-AndInspYtAvhRej-AndDAklYnIGhElT-DAluZAnwazkAmplit-
1035,-SiwazanRAblibEridInDACRCAvsentsAvR-wITWtDAsYtAzapAzISAnfrAmDAvEnRAbAlbristhufarfrAmSErIGDA@ntikrIsCAnAndtalRAnsiAvDAklRjiIndjEnRAl-sEdD@thRprAfESAnAz@n@ktrAsh@dnathIndRdhRfcrbiIGAgUdkrIsCAn-AndD@tDARTwazAkamAnmADRAvclhyumAnbiIGz-@zSisIzkrYsth@dbInDAsevyRAvclm@nkYnd-
1036,-yuwIlfRgIvmidIridRIfYh@vmedyuAtEndDAfyunRAlvsIlviAtEnyIrzbIfcrhRdET-bIlivmiYh@vnoIntEnCAnAvpRfcrmIGAmIrAkAl-yumek@nsolyRsElfwIDAYdiA-D@tYS@lspEryuD@tAnplEzAnt@skwEnpUrsIlviAdYz-
1037,-YnEvRh@dEnif@mAli-
1038,-Yh@dAnemYbIlivInmYyAGdez-bAtYh@vfRgatAnItsInsYh@vbInInAsRvAs-
1039,-YS@lkclyu@zspri-
1040,-yudumiAgredanA-
1041,-hir-gongEtmiCenjfcrodui-Yh@vItsR-
1042,-@kSAsRvAsR-
1043,-m@dWnwEnsc-bIsYdzkAn@nsRycrInkwYRiz-
1044,-YsiAkwantAtiAvCErzfcrYR@tDAretAvwAnzsu-mEnrEdIGDAnuzpepRAndRDASedAvDAtriz-gRlzAndmEnbrEkfAstIGiDRAloncrInkAmpAni-wetRzhuwRr@pAdligoIGApAndWnAndnErostErkezhIdAnAndRDAfoliAj-
1045,-YsItdWn@tAsmcltebAl-AwetRkAmzImidiAtlituInkwYRmYwISIz-
1046,-YtWndtugIvmisokafiIfItIzgUd-
1047,-DEntRnIGtAwcrdzmi-hisEzD@tYlUklYkAfcrAnRAndwEnYseD@tY@m@nAt@lyAn-hidiInztuspiktumiAvDAkcrtDAsItiAvDATiAtRz-And@tl@sthicfRztuAkAmpAnimiEvriwEr-
1048,-YTIGkhIm-AndtekmYliv-
1049,-YAdrEshImInIt@lyAn-Andhi@nsRzvEriwISAli-bAthIzweAvspikIGmeksmismYlAndYtElhImwY-
1050,-mYrImarkplizAzhImbAtYsunkruvdtuhImD@tItIznatDArYtwetuspik-hWEvRpRfAtsmeh@vbInDAl@GgwAjAvD@tenjSAdrYtR-
1051,-YsiAkrWdInwAnhcrnRAvDAgardAn-Evribadist@ndIGstIlAndlUkIGAp-
1052,-IzDErnatAmRrIdiIndEvriwEr-
1053,-yEsbAtDAmRIdiAnAvDApAnerO@l@zDAmostIgz@kt-
1054,-D@tIztruD@dElpgri-
1055,-clDizanAstpRsAnzarwetIGDErtRntugEtDErsnofbakshIzfIld-
1056,-ItIzsoldEvriwEr-bAtfcrDAl@stTritwiIksnobadiwIlyh@zEnisnAf-bAtD@tsold-@tDAsAvEktk@t-
1057,-IzIt-bEtRD@nEnuREls-
1058,-bAtuhWdItSim@nAjdturEndRItsof@SAnAbAl-
1059,-sImplemYstapIGhRk@rIjtucrTritYmzbIfcrDASap-tuh@vhRsnAfbaksfEld-AndbYseIGAlWdtuDAyAGgRlhuh@ndAdb@kDAbaksD@thRsnAf-wazDAvEribEstAndpErIs-
1060,-yuarnWInDAonlikAntrIGDAwRldwRrwItk@nmekAfcrCAnbYsElIGiDRAjEnyAwAn-crAvfcls-artAkAl-InDAfRstkes-ItrAsivzdDAwElgoAvIntElAjAntAndt@lAntAdpipAl-AndInDAsEkAnd-fulzcrclwezrEditurIwcrdIt-fcrsIlinAsIztruliAkErIktRIstIkAvDApipAlhir-AndhWEvRwAndRfAlItmeApIr-sIlinAs-IzDAdctR-AvwIt-
1061,-lEtAm@nrAn-AndEvribadhiwIlrAn@ftRhIm-DAkrWdwIlnatstapAndlEs-DAm@nIzpruvdtubim@t-bAtuprovIt-IzIndidDAdIfAkAlt@sk-bIkczwih@vAkrWdAvmEnhu-m@dfrAmDErbRT-arstIlkAnsIdRdwYz-
1062,-ItsimztumiIGYrIplYd-D@tsACApruvAl-sAC-r@tAfAkeSAnAvDApInyAnIksprEstbYDAkIGDAprInsAzAvDAblAdAdsEtRA-Izr@DRAprofAvDAIfEkSAnfEltfcrDEmbYDAneSAn-fcrDAfrEnCk@riD@tAfEkSAntusAC@nIkstEntD@tDebIlivDEmInf@lAbAl-
1063,-wEnDAkeGkAmztupErIs-EvribadikclzWtvivAlorO-
1064,-SiIntrAduztmituclhRgEstsAndgevmisAmprAtEkyAlRzrIspEktIGEvRiwAnAvDEm-
1065,-wAtsotRYsEdtuhIm-AdmYfcrCAnAtInAftusiyu-
1066,-hihImsElfrAsYd@tDAsemh@sAjAnfrEnC-AndpAlYtlipOntAdWtDApartsInwIChiTctD@tYh@dImpruvdanDARIjAnAl-
1067,-fcrD@frRzt-desR-YTIGkD@twAtyuh@vdAngIvzgrethopsAvyu-AndwITWtEnidWtyuwIlmekr@pAdpragrEs-
1068,-YbIlivItsR-AndD@tIzwAtYfIr-DErfcrDAprInsApAlAbjEktAvmYvIzAthirIztudIvotmYsElfIntYRlituDAstAdiAvDAfrEnCl@GgwAj-
1069,-Y@mAvEriAnplEzAntpyupAl-clwez@skIGkwEsCAnz-kyUriAs-trAbAlsAm-InseSAl-AndivInsApozIGD@tYkUdAnmitwIDAtiCRYrikwYR-Y@mAfredY@mnatrInCInAftupehIm-
1070,-YrizYdInDAmEregrudIdtuhIzpcrt-
1071,-YwIlmekgyutr@nzletDEmIntufrEnCAndyunidnatbiAfredAvmYfYndIGyuInseSAbAl-
1072,-hih@dAgUd@pAtY-kUdtElAgUdstcriwITWtl@fIG-wIDsElAbretAdfcrhIzwItirEbartezAnhIzsoSAbAlm@nRz-bAthispEnthIzlYf@thom-sEldAmgoIGWtAndsiIGhardliEniwAn-bIkczhiclwezh@dApYpmInhIzmWDAndwazsRWndAdbYItlistwEntik@ts-wIDwIChiwUdAmyuzhImsElf-clde-
1073,-hIzhWskipRh@dDAm@nAjmAntAvEvriTIG-SinEvRAlWdhImtubiInidAvEniTIG-AndSigevnoAkWntAvhIzmAni-wICSikEptcltAgEDR-bIkczhinEvR@skthRturEndREniAkWnts-
1074,-anDAsIkstAvepAl-etinTRdi-DACRCAvjisAsprYstAvl@tRdAsents-wazfcrmRlicrgAnYzdAndDAstUkanAligAlEgzIstAns-
1075,-ItscrAjAnwazsmcl-AjRm-@ndInsIgnIfIkAntsid-hardlitubiTctAv@zlYklituRWzapAzISAn-
1076,-InstEtAvbAtsIks-rEgyAlRliAfIlyutAdmEmbRz-And@tmost-tuskRrAv@thIrAns-DAcrgAnAzeSAnDAmbRztAdemEnihAndrAdTWzAndsolz-
1077,-InplesAvAsIGgAlh@mlAt-InDAsmclAstkwcrtRAvwICDAmEmbRzkUdh@vkaGwAgetAd-DErnWar-AbWtsEvAntisteksAvzYAn-AndAbWtsEvAnhAdrAdcrgAnYzdwRdzs-DiCwRdAndstekwIDItsfUlkamplAmAntAvcfAsRzAndpristAdcrgAnAzeSAnz-
1078,-DApr@ktAsAvg@DRIGItsprasAlYtsIntuwAnples-prIvEntDAbIlIGApAndstrEGkTAnIGAfcrwdbrenCAz-AndInIzmAC@zIkstAnsIvAndstrcG-crgAnAzeSAnzarsEldAm@twIDAbrcd-vEriErodiAsYdi@zIgzIst-kAnsRIGDAstrEGkTAvDACRC-
1079,-nEvRDAlEsAvDAmAstRdsid-AmAGDAsmclAstAvclsits-hEzAtenDAprApcrSAnzAvAtri-AndDAbRdzAvDAErarnEstIGInItsbrenCAz-DAekcrdIznWInokAn-cfRIGprAtEkSAn-AndDAswitsAvs@tAsf@kSAn-tuEvRiRnAstpIgrAmjRnIGItswe-fRtris-
1080,-DErYzwRfrAmDAfRst-tRndIn@ntIsApeSAntAwcrdDAivnIGsAm-latmIrliD@tDAwRkAvpraslYtIGSUdbik@ridanAvDAwEst-bAtD@DAhEdkcrtRzAvDACRC-SUdbiDErIst@blISt-
1081,-DAbUkAlmcrmAnh@dtctDApipAlDAtru-crAjAnAndEstAti-AvDAmErAkAntIndiAns-AndtuwRdDIsTarkskIndrEmbdAntAvAwAnsmYtipipAl-DAmISAnErizAvmcrmAnIzAm-RlitRndDErYz-AndwIDhRYzwEnt-DErharts-AndDErhops-
1082,-ItIznotAbAlD@tDAediAntrYbzh@vjErlirAgartAdDArIlIjAnAvDAl@tRdisentswIDf@vWR-siIGInDAbUkAlmcrmAn-strYkIGAgrimAnt-wIDhRondrAdISAnz-
1083,-DAfRstwElAst@tAlIsitAvDACRC-wazInDAprItilItAltWnAvkRtlAndohYo-clmostwIDInsnYtAvlekIri-InhirsunrozDAfRstEmpAlAvmadRntYmz-
1084,-tuDAfrRmAntl@tRdisent-AtEmpAlIznatsImpliACRCbIldIG-AhWsfErAlAjIsAsImbli-
1085,-sunTWzAzAvkAnvRAtsh@drEntIdcrpRCAsthomzAmAzEri-AdIpEtAdz-C@ksAnkWnti-biIGDErsEtR-bAtfrAmDAfRsttDewRAnpapyAlRAmAGDAmAzIriAnz-
1086,-DAlutEnAnkAvRnR-lItAlbEntAbyubagz-@ftRwRdgAvRnR-wazAprAdWnsD@tmcrmAnhetR-AndTruWpApIriAdAvDAtrAbAlz-him@nAf@sIzsImpATliwIDApRsAkyARz-
1087,-DErsAfRIGz-h@vnEvRiyEpAndfIdlikanIkAlbYhyumAnskrYb-
1088,-mekIGD@weAkrcsDArIvR-mosAvDArEfyujizfWndSEltRAmAGDAmcrhaspAtAbAlpipAlAvklekhWni-And@ftRwRdIst@blIStDEmsElvzAndkcldwElkWni-DerInTWnIGDAsItiAvfarwEst-
1089,-AsmclsEtAlmAnh@dbInfWndAdbYmcrmAnf@mAlizAnSolkrik-AndhiranDATRtiATAvAptobR-etinTRdiet-AkAmpAniGAvtuhAndrAdAndfcrti-fElApanDAh@plAsEtAlRzAndbUChRdAskcr-
1090,-biItsEdtunDAhAnRAvsAmAvDAcfAsRzIntrAstIdwIDAtErAbAlkAmISAn-D@twEnDelRndItstrusAgnyIfIkAns-DerizYndDErATcrAti-r@DRD@nh@vEniTIGtudu-wIDwAtDedAzIglitAdAkoldblAtAdbUCRi-
1091,-owAtArEkRdturEd-wAtApIkCRdugezApan-hWafAldIfEkt-
1092,-AmErAkAnskulbOz-rEdwIDImoSAnzAvhcrR-AvDAElbAjAnsIz-drIvAnbitAnAndkIld-wIDAp@pAlEget-dREktIGDAbUCRi-AndAvDATAldwRT-hAntAdAndhWndAdlYkbists-@zDIfEktAvAreldAkri-AndDeyEtS@lrEdInDAhIstRiAvDEronkAntri-Avsinz@ztErAbAl@zDiz-InDAEksAbISAnAvInjAstAs-@dInhyumAdhet-
1093,-hubIg@nDAkwRrAl-wazAvDAmcrmAnts-
1094,-@zAsebAlAvDAprEskamAts-AgEnsAvDAbrut@lAtiAvDAmAzIriAnzYkwotApErAgr@f-frAmDAkwInsiargAs-marCCsIkstid-etinTRdinYn-
1095,-ItwIlbiAbzRvdD@t@ncrgAnYzdmab-etAdbYmEniAvDAsIvAlAmIlAtEricfAsRzAvmAzEri-wIDgAvRnRbagz@tDErhEd-h@vbInDApramAnAnt@ktRzInDIsbIznAs-InsYtAdtuItApIrzAgEnstDAmcrmAnzbYpAlItAkAlhetrAd-AndbYDAdISAnAlmotIvzAvplAndRAndrivEj-
1096,-DAarmifWndDApipAlImpavRti-AndlEftDEmAndkAmpErAdAvwElT-
1097,-blAtAwRdfRDRkAnsRnIGDAEkspAdISAnInjEnRAl-
1098,-ItwazTruflOdzh@dvYsDAbIk@nIdcrdRvDAmIlAtEriEkspAdISAntuyutck-astAnsIbli-tuIdstclsRtAnfEdRAlAfISAlzAndurAprEsAndIlEjd-InfEntWlrIbElyAn-wIC@df@kth@dnEvRkAmIntuEgzIstAns-bAtInri@lAtitufRDRDAIntrAnsAvDAsAsESAnAsts-
1099,-mcrovRh@dDApipAlbInInklYndturRbElyAn-wYlgethRapRtunAtikUdDeh@vwISt-
1100,-clrEdiIncrTAndAsElTwRtckItAv-wYnatsEtApclsoAlwEst-
1101,-DenunoncrTdosElfdoistnowEst-DesEdpazAtIvlibYDAkanstItuSAn-AndwUdh@vnATIGtuduInDAblAdistrYfbItwinbrADRz-AlEsAndidDewRsAmAndbYDATcrAtituwIC-Deh@dclrEdiwAnslcAlirIspandId-dIfRnISmEnAnarmzfcrDAkAntriznid-
1102,-wAtDAlEtRnAsentzkclsAlEstrAlmErIj-hIzkErIktRIztIkAvDACRC-AndIzInvErijEnRAlpr@ktAs-bAtAvsAlEstAlmErIj-plR@lAtiAvwYvzwaz@nInsAdAnt-nEvR@nAsEnSAl-
1103,-wibIlivInAlItRAlrEzREkSAn-And@n@kCAwAlhir@ftR-AndwIDfyuCRsteS@lbirEkAgnYzdEvRis@GtAfYdAvcTRYzrileSAnSUdbIgzIstIGhirAnR-AvpErAdDAnCYld-brADRInsIstR-hAzbAndAndwYf-
1104,-Ith@zbInmYprIvlAj-tutrEdDAswelAvmEnil@ndz-tuAbjRvDAkAstAmzh@dstAdiDAh@bAtsAvmcrneSAnzD@twAn-AndYhvyEtufYndDAplesAndmitDApipAl-wErAnwIDhumDApyUrAtiAvm@nAndwUmAn-hIzhEldmcrprESAs-D@tAmAGDAbAlYndmcrmAntsInDAmWntnv@lizAvDAwEst-
1105,-@tDAInsEpSAnAvbRlmErIjmAGDAlEtRdesents-DErwaznolcGn@SAnAlcrstet-YgEnsInsprEktAs-
1106,-In-etinsIktitu-AlcwazAnYkDiwIDApRpAsAvsAprEsIGpURAlmErIj-And@zh@dbInprAdIktAdInDAn@SAnAlsEtAntprErdtuItsp@sAj-ItlefrmEniyIrzh@d@dlEtR-
1107,-TEtrAljAjAzAndyunYtIdstetsAtRnizAndyutAl-huwRnatmcrmAnsncrlAvRzAvwcrmAnIzAm-rAfyuzdtuIntRtenkAmplents-wRprasAkyudkesAzAndRDAlcbIkczAvItsm@nAf@ztuk@njAstAsAndIn@dIkwAsi-
1108,-vIsmEnt-D@tfcr@nAlEjmIstRminR-frwICkaGgRzprAskrYbdAm@ksAmAmpEndAltiAvsIksmAnTsImprIzAmEntAd-AndAfYndAvTrihAndrAdalRz-Am@nmYtDA@nprIzAntfcrmlYf-YfcrmEnitRmzAvAm@nsn@CRAlYf-tudDAkcrtspWRdtuInfcrsIdsEntAnsIzIkstEnsofar-AndmYtbifYndmIlyAnsAvdalRz-
1109,-bIfcrDIstr@vAstianDAdmInIstreSAnAvlckUdbibctbIfcrDAkcrtAvl@strIzcrt-AndDErmEtwIDArIvRsAlAndribyukAdIzRvd-mEnwErImprIzAntAndRsEntAnsAvmEniyIrzdUreSAn-
1110,-DApipAlkAntEsAtizmEZRzwAnbYwAnInDAkcrts-prizEntIGInkes@ftRkes-DAdIfRAntfesAzAvDAsAbjIktAn-@ndRjIGDAnkansAtuSAn@lAtiAvDAmEZR-
1111,-DEnDACRCwazdIsInkwErpRetAd-AndItsbrapRriwITrilAndpRsInIl-kl@fAsketAdAnd-ISietidtuDAgAvRmAntAvDAunYtAdstets-AndclDoD@tpRsInIlprapRtiwazsunrIstcrd-wilIstetAvgredv@lyulcGleInDAh@ndzAvDAkcrtsrAsivR-AndDAmcrmAnCRCh@dtupeDAn@SAnAlgAvRmAnthYrEntAlanIts-onprapRti-
1112,-AndsoDAscriAvmcrmAnIzAmrAnzan-ItsfAD@lih@znatyEtbInmItAn-DAkRAntprEsprizEntskAntInyuAsli-nustejAzAvItsbrcgrEs-nudIvElAmAntsAvItsplen-
1113,-menkholYf@lAgzEndRbIkczhiwaz@nEnjAnIr-
1114,-winEntrikAnslinYdiAzAbWtEvriTIG-AndhIzYdiAbWtAmErAkAnzwazD@tDeSUdbiEnjAnyIrzanAk@nIks-
1115,-IkstrAmEntAsliwElpUtantu-
1116,-ItsbInanonlituwiksAndYvbInh@pAt@zntYmzclrEdi-
1117,-yunoElAgz@ndR-mehclUkwIDprRklEksAtiApIntuDAtapAvDAh@nsAm-AndrAbdhIzpekCikwICwazglAvdfIGgR-duyunoYsAmtYnzTIGkAvtekIGtukrItAsIzAvsIriAslimYsElf-
1118,-Sisedzhrh@ndtu-Sis@tRbEstInDAsEkAndb@k-
1119,-IzDInwAntIGtumErihIldAvhizTriyIrzAndrcr-
1120,-SidAzAntekApwIDEnibAdyuno-
1121,-YrIGgrRgoIGwAnAvrRf@mAli-toldmiInkanpAdAns@tDErwazArom@tsAmwErb@TInDAbIgInIG-
1122,-menhobWtfcrhRkanstAnsiwIDAlaknIG@zD@tmed@lAgzEndRsmYl-ivInwElAkYndAvr@bAtIksYtnAntwaztIGgAlIGTruhIm-
1123,-izAnADRhuzaflikInAbWthR-lEtintrAdusyu-
1124,-suhEritWn-mIstRbartriElAgz@ndAvDAmErAkAnEjAnIr-
1125,-fcYsesEdhRiAlItAlgRlzgoIG-femAslitunYtIzAntSi-
1126,-yuno-YTctDAd@nsAbIk-kanSAstunYt-bAtAfRstYm-
1127,-wIstmIrAndYwRb@k@ftRDApRst@t-wiTctyusimdkwYtAnsRtAnAvRsElf-
1128,-AlItAlAt@kAvnRvzpasAbli-
1129,-ItwazbIgInIGtufil-kinIntrAstImDAslEndR-bErfUtdakigRlhuslIptIdInWtAvDAple-sIGIG-lYksAmwAnwYndIGTruhIlifild-
1130,-wAnYtwEnhInwIDAfrItwazsItIGtAgEDRanDAbrIj-hitoldIdATIGzh@dh@pAndwAliIstAdIGAbrct-D@thiwazsarifcr-wAnkIGInpRtIkyAlR-Andhi@sktRwEDRSigatSictunoAbWtDEm-
1131,-SikAnsIdRdcrmomAntIndEnsEd-noYTIknat-DAwe@mgl@dyu@skmi-
1132,-@ftRD@tItwazizitufrRgart-@kCAwAIGtufRgarT-
1133,-AvkcrsirAflEktIt-CIrlwizh@dD@tkambAnenSAnh@vsAmTIGhomliIndsEnsAbAl-AndsAmTIG-arRliwYldAndETt-
1134,-SimAstkErAbWpDATiAtRAgretInmcrD@nSiyuzdtu-
1135,-YmgwAdSisEldhRonsEns-
1136,-@ftRclwiwRafAliyAG-
1137,-rIjUdAntwAndRIfSikUdl@pAbWtItwIDGnW-
1138,-hEldRwazvErinYztuhImAndhisEdanDAEjAvhIzCEr-flAStwIDhIzkanvRseSAnAlEfRtsAndmuvIGhIzCEnAbWtnRvAsliovRhIzhYkalR-
1139,-De@skhImtukAmtusiDEmAndCElsi-AndDespokvEritEndRliAvhIldA-
1140,-l@mwUdAnk@rAgretdilAbWtmEniAvDEmYf@nsi-
1141,-wEnbartliRYvdApEtfcrtskwEransAndiivnIG-wRrEDAprItilItAlfrEnCgRl-mEthIm@tDAdcrnkAndAktAdhImApstErz-
1142,-YSUdnEvRh@v@sktyuhIfmalih@dbInhir-fcrYrImEmbRyudontlYkIGglISkokRi-
1143,-Yh@vAth@dAC@nstyEtutElyuwAtAjaliItAlplesYTIGkfIsAz-
1144,-DearclskECAzmedAbWtDAvIlAdEstIyusi-
1145,-DozfElozarclvErilOAlivInmenhol-
1146,-Avm@nAjtusevsAmTIGEvRiyIr-AndD@twIDhElpIGmYTrisIstRznWAndDEn-AndtYdIGpUrkAzAnmYkovRb@dsizAnz-
1147,-ItsnatpartIkyAlRlirErSisEd-bAtsAmAvItwazmYmADRz-
1148,-DErwazwAtAkrIsupAndsol-AndAdIlYtfAlanlEtstAftwIDmASrmzAndtrAfAlz-AndtusmclrErdAklIGz-AndartACoksAndAdrcyEloronwYnAvwICbartlih@dclwezbInvErifand-
1149,-DErIznATIGElsD@tlUksojali-
1150,-T@Gkyu-bAtYdontlYkItsowEl@zDIs-
1151,-h@vyuvInImpErIsmACDizletIrz-
1152,-DErarAfyuCenjAzInDAoldkwcrtR-
1153,-dontYDohImsosarituhirIt-hWtAdhRsAntRnWt-
1154,-hRhErAstIlYkfl@ks-AndhRbluYzarjAstlYkAbebiz-AndSih@zDAsemTrifrIkAlzanhRlItAlnoz-AndtcksbAkoIGb@ktuhRb@ndAmEr-
1155,-hWjaliItwazbiIGyAGhIldA-
1156,-duyurImEmbRD@tfRstwckwitUktAgEDRInpErIs-
1157,-kAm-wIlh@vRkafyuniADAromAndyuk@nsmok-
1158,-YTIGkwidIdSi@nsRdtumIrli-
1159,-wICSiwantAdfrAmAswazniDRWRflWRzncrWRfr@Gks-bAtjAstWRyuT-
1160,-DewRdboTrImEmbRAnwAtDAwUmAnh@dsEdwEnSitUkDAmAni-gUUdgIvyuAh@pilAv-
1161,-DAstrenjwUmAnAndhRp@SAnAtsEntnsD@tr@GWtsoSarpli-h@dfrYtAndDEmboT-
1162,-bartlistartAdwEnhEldAr@GAlItAlbEldAsYdhR-dIrmiwYdIdyuduD@t-
1163,-ItwazvErijalihimRmRdlezAli-@zmRrikemIntutekAweDAkafi-
1164,-h@dYtoldyuAbWtmYnuple-
1165,-wEnSifInISt-@lAgzEndAvSUkhImsElfWtAvArEvRi-
1166,-natsEnsAvkcrsYk@ntrIlisIG-IksEptDAwemYmADRAndgr@mADRdIdbIfcrmi-
1167,-ItswRlituwcrmAnDIsfrumtusIG-dontyufilIt-
1168,-@lAgzEntRwEntovR@nopAnDAwIndofcrhR-
1169,-DEr-jAstInfrAnt-
1170,-histUDAlItAlbIhYndhRAndtrYdtustEdhImsElf@zhisEd-ItsaftAndmIsti-sihWwYtDAstarzar-
1171,-fcrAlcGtYmniDAhIldAncrbartlispok-
1172,-hifEltAtrEmRrAnTruDAslEndRyElofIgyRAntfrAnAvhIm-
1173,-bartlilindovRhRSoldRwITWtACIGRAndwIspRdInhRir-yuargIvIGmiAC@ns-yEs-
1174,-@lIkz@ndRklAnCDAtuh@ndz@thIzsYdz-
1175,-DAstapAtkwinztWnDAtitiAsp@sAjApDAmRsi-wRTIGzD@thinotAdImliTruhIzgroIGImpeSAns-
1176,-SiblAStInsmYldAndfAmAldhIzkardInhRkAnfyuZAnbIfcrSir@nApstErz-
1177,-@lAgzIntRpestApAndWnD@hclwe-bAtnIGAndAnbAtAnIGhIzovRkot-AntIlSirItRndAndtUkhImAptuhIldIzlItIGrum-
1178,-DArumwazEmptiwEnhiEntRd-
1179,-@lAgzEndRdIdnatsItdWn-
1180,-YfEltItInmYbonzwEnYwokDAsmcrnIGD@tsAmTIGsplEndAdwazgoIGtutRnAp-
1181,-YTctItmYtbisIstRketRkAzAnmYkwUdbih@pAnIGAlcG-
1182,-SipUShImtAwcrdzDAbIgCErbYDAfYRAnds@tdWnanAstul@tDAapAzAtsYdAvDAhart-hRnizdrcnAptucRCIn-l@fIGlYkAh@pilItAlgRl-
1183,-wEndudukambartliAndhWtAdIth@pAn-yuh@vAntspokAnAwRd-
1184,-YgatInAbWtEndmInAtsAgo-
1185,-@lIgz@ndRlindfcrwRdAndwcrmdhIzh@ndzbIfcrDAblez-
1186,-bartlibEntloRdovRDAfYR-
1187,-SilUkt@thIzhEviSoldRzAndbIgdItRmAndhEd-brEstfcrwdlYk@tApoldInliS-
1188,-YlduEniTIGyuwISmitubartliSisEdtrEmAlAsli-
1189,-Yk@tst@ndsiIGyumIzRAbAl-
1190,-hipUldApAwIndoIzIfDAErwRhEvi-
1191,-hIltuwaCthImfrAmDAkcrnR-trEmbAlIGAndskErslibriDIG-darkS@dozgroIGAbWthRYz-It-
1192,-bAtItswRrsnW-ItsAnb@rAbAl-
1193,-YgEtnATIGbAtmIzRiWtAviDR-
1194,-DAwRldIzclDEr-jAst@zItyusdtubibAtYk@ntgEt@dAdEnimcr-
1195,-ItwazmYsElfYwazdIfYIGhIldA-
1196,-hEldhIzfeskwIvRdbAtSiwIspRd-yEs-YTIGkItmAsth@vbIn-
1197,-bAtwYdIdntyutElmiwEnyuwRhirInDAsAmR-
1198,-@lIgzEntAgrondYIGmEntu-bAtsAmhWYkUdAnt-
1199,-SiprEsthIzhEndjEntliAndgr@tAtud-
1200,-Rtyuh@piDEn@tcl-
1201,-SiklozdhRYzAndtUkAdiprEz-@zIftudrcInAgEnDAfregrAnsAvDozdez-
1202,-himuvdanDAizAliAndhIzCErkrit-
1203,-yEsyEzSihRid-pUlIGAhEnjAntliAwefrAmhIm-
1204,-plistoliwAnTIGbartli-@tlist-tElmiD@tyubIlivYTctYwazmekIGyuh@pi-
1205,-yEshEldYnoD@thisEdsImpli-
1206,-Yh@dtust@ndbartli-YwazrcG-
1207,-bAtYdIdAntno-yuvonlitutElminW-
1208,-wAtYminIzD@tYwantyutupramAsnEvRtusiniAgEn-nomh@tRhWcfAnYkamnom@tRhWhardYbEg-
1209,-kipAwefyuwIS-wEnIfYEvRfalodyu-
1210,-@lAgzEntRrozAndSUkhImsElf@GgrAli-yEsYnoankaRdli-
1211,-hitUkArAfliInhIzarmzdunowAtYmin-
1212,-hopbartliwAtamYtudu-
1213,-YwIl@sktDAlistIm@jAnAbAl-bAtYmAsth@vsAmTIG-
1214,-YmAstnoAbWtyu-
1215,-DAsYtAvyubartlitusiyulIvIGAndh@piIndsAksEsfAl-k@nYnEvRmekyuwAndRst@ndwID@tminztumi-
1216,-yusi-lovIGsAmwAnIzYlAvyumeksDAholwRldIfRAnt-
1217,-AndDEnyukemb@k-natk@riIGvErimAC-bAtItmednodIfRAns-
1218,-bartlibEntovRAndtUkhRInhIzarmz-kIsIGhRmWlDD@ndhRwEtYRdYz-
1219,-YdontkrYdontkrYhiwIspRt-
1220,-wIDtcrCRdiCADRrInAfcrtunYt-
1221,-C@ptRwAn-crAjAnA-
1222,-ItEnjEndRz-AholwRld-lAvp@gR-fcrwICrEdsEft-AndAhEl-laphEgrIn-fRvwIC-rEdhAGgR-
1223,-DAs-YdAlmIsIzzAmADR-
1224,-Sih@zAsAn-sEft-AndAdcktR-hAGgR-
1225,-kwAtIzsl@G-
1226,-wih@vnEvRAndRstUdDIscrtAvAbjEkSAnz-
1227,-sl@GIz-odiAs-
1228,-sleIGmekswAnSAdR-
1229,-hudInYzD@t-AvkcrsIt-dAz-
1230,-wEnItIzAkwEsCAnAvprobIGAwWnd-Agol-AsAsYAti-sInswAnh@zItbInkAnsIdAdrcGtugotufar-tugotuDAbatAm-
1231,-wih@vclwezTctD@tIfwazsAmtYmz-AkRejAs@kt-And-@tlist-IzsImpAlAndyusfAldid-wRDiAvDAsImpATEtIk-AtEnSAnwICduti@ksEptIdAndfUlsoldmErAtz-
1232,-wYSUdwAnatIksplcrEvriTIGAndstAdiEvriTIG-
1233,-wYSUdwAnhclt-anDAwe-
1234,-nATIGIzmcrlAgubriAsD@nDAkantAmpleSAnzAsInItsnudAti-InDAbrcdlYtAvTct-AvDAhcrAbAlscrmIGAvsl@G-
1235,-no-wEnA-h@zhcrR-EvRIkskludAdstAdi-
1236,-sInswEnh@zm@lIdib@nISt-mEdAsAn-
1237,-k@nwAnIm@jAnAn@nCRAlAstrAfyuzIGtustAdizAvYfR-DAb@t-DAskcrpiAn-DAzEntApid-DAtR@nCAlo-AndwAnhuwUdk@stDEmb@kIntuDErdarknAsseIG-ohWAgliD@tIz-
1238,-hiwUdbilYk-AfAlalAjAstrAfyuzIGtuIgz@mAn-Af@ktInl@GgwAj-IfAlasAfRhEzAtetIGtuskrItAnYzIf@ktInhyum@nIti-
1239,-wazItIz-sl@G-prabRlispikIG-
1240,-ItIzDAl@GgwAjAvrECIdnAs-
1241,-wimebistapt-DAf@ktmebipUtuAs-InjEnRAldhRmz-wICIzwAnweAv-AtEnyuetIGIt-wimebitoldD@tcltredz-prAfESAnz-Itmebi@dAd-clDA@ksAdAnsAvDAsoSAlhYRarkiAn-clfcrmzAvIntElAjAns-AvDEronslYIG-
1242,-DApenktRhusEz-mYgrYndR-DAnotRrihusEzmYskIpAvDAgAtR-DAhErdrEstRhusEzmYmilib@k-DAkablRfhisEzmYkAb-tcks-slIG-
1243,-DErIzDAsl@GAvDAIfEktITledi-@zwEl@zAvDAprEsyuzIz-
1244,-DASUgRm@nyAf@kCRRhusEz-lov-klErAfYd-lAmz-b@stRd-kamAn-bRnd-ADIst-anAstm@nyAf@kCRR-tckslIG-
1245,-@ljAbrA-mEdAsAn-batAni-h@viCDErsl@G-
1246,-tumit-AvDAnidzAvDIskanflIkt-rECIdnAsh@zInvEntAdAnl@GgwAjAvkamD@t-wICIz-sl@G-
1247,-tukipAflot-AndturEskyufrAmAblIviAn-tuholdAbAvDAgolf-wErItbAtAfr@gmAntAvsAml@GgwAj-wICmEnh@z-spokAnAndwICwUdADRwYzbilcst-D@t@ztuse-wAnAvDAElAmAnts-gUdcrb@d-AvwICsIvAlIzeSAnIzkAmpozd-crbYwICItIzkamplAketId-tuIkstEndDArEkRdzAvsoSAlAbzRveSAn-IztusRvsIvAlIzeSAn-ItsElf-
1248,-fAnyuSAnvErigUd-
1249,-ivIndYAlEktlEt-D@t-p@s-
1250,-tuDIswiprIplYInwAnwRd-onli-
1251,-ASUrAdli-IfDAtAGwICAneSAn-crApravAnsh@zspokAnIzwRDiAvIntrAst-DAl@GgwAjwIChAzbInspokAnbYAmIzRiIzstIlmcrwRDiAvAtEnSAnAnzsAdi-
1252,-AndDEnwiInsIstApanIt-DAsAdiAvsoSAldIfcrmAntizAndInfRmAtiz-AndDAt@skAvpOntIGDEmWtwIDAvyuturEmAti-IznatAbIznAsInwIC-COsAz-pRmItAd-
1253,-himAstdIsEndwazhIzhartfUlAvCErItiAnd-sAvErAti@tDAsemtYm-@zAbrADRAnd@zAjAj-tuDoz-ImpEnAtrAbAlkesmets-wcrkrcl-pElnWDozhublidAndDozhudilDAblo-DozhuwivbIndDozhukRs-Dozhuf@sAndDozhudIvWR-DozhuEndcrivAlAndDozhuInflIktId-
1254,-duwirIlinoDAmWntRwEl-wEnwiarnatAkwentAdwIDAk@vRAn-
1255,-DekanstAtutudIfRAntcrdRzAvf@ktswICkcrzfandtuiCADR-wIC-ar-clwezIntuest-hAndwIC-cfAn-brIGfcrT-rizAltz-
1256,-truhIstRibiIGAmIksCRAvclTIGz-DAtruhIstrcAnmIGgAlz-In-EvriTIG-
1257,-f@ktsfcrm-wAnAvDiz-And-YtiAz-ADR-
1258,-DEarItkloDzItsElfAndwRdm@sks-InmEjAfcr@gz-
1259,-InDIsgYz-ItbIkAmzhohcrAbAl-
1260,-wAnprRsivzwITWtAndRst@ndIGIt-AhIdiAsmRmR-sWndIG-clmost-lYkhyumAn@k-sEns-bAtmcrnIrlirIzEmbAlIG-AhWl-D@n@nartIkyAlIkwRd-
1261,wAnTIGkswAnhIrzhYdrostckIG-
1262,-ItIz-AnIntElAjAbAlInDAdark-
1263,-ItsIzbl@k@nmIsfcrCAn-ItIzbl@krRstIAndkrYm-Diztubl@knAsIzAm@lgAmetAdkAmpozdslIG-
1264,-DARAnsIznatdIvOdAvhIzEmblAnz-tuACel-
1265,-lUklosliAvlYf-
1266,-ItIzsomedD@t-EvriwErwifIldDAsEnsAvkamISmAnt-
1267,-iCdeh@zItsongretgrifcrIts-AlItAlkEr-
1268,-yEstRdiyuwRtrEmbAlIGfcrAhElTsEthIzdIrtuyu-tudeyufIrfcrycron-tumarclwezwIlbi@GzYAtiAbWtmAni-DAde@ftRtumaroAvDAdYAtrYbAvAsl@ndR-DAde@ftRD@t-DAmIzfcrCAnAvsAmfrEnd-DEnDAprIvelIGwEDR-DEnsAmTIGD@th@zbInbrokAncrlcstDEnAplEZRwID-wICycrkanSAnsAnyIr-vRdRbrolkhalAmriphotyu-AgEn-DAkcrsAvpAblIkAvAfErz-
1269,-DIswITWtrEkAnIGInDApenzAvDAhart-Andsotugos-an-
1270,-DErIzhardliwAndeAtAfAlhAndrAd-wIChIzholijOAs-AndsAni-
1271,-AndyubIlcGtuD@tsmclkl@syuarAh@pi-
1272,-InDIswRldzAvAdEntAliDAvEstApyulAvAnADR-DErarnofcrCAnAnt-
1273,-DArilhyumAndIvIZAn@zDIs-DAlumAnAs-AndDASeti-
1274,-trudImInISDAnEmbRAvDASevi-tuAgmEnt-DAnAmbRAvDAlumAnAzD@tIzDAbjEkt-
1275,-D@tIzwYwikrY@jAkeSAn-sYAns-
1276,-tutiCrEdIGmiztulYtDAfYR-EvRisobAlzsold-Wt-sparkAlz-
1277,-hWEvR-hiyuhusEzlYt-dAznatnEsAsErAli-seCAi-
1278,-pipAlsAfRInDAlYt-@ksEs-brRnz-
1279,-DAflemAzDAEnAmiAvDAwIG-
1280,-tubRnwITWtsisIGtuflY-DErInlYzDAmarvAlAvCinyAs-
1281,-yulnEvRdIgItWtAvDA@stRwYbrEri-
1282,-tuDAyAGAmErAkAn-hircrElswEr-DAp@tstRfcrCAnarInumAbo-AndclopAn-DErIzInvIteSAnInDAErAndsAksEstInclhIzrYdhRYzAn-
1283,-hih@znotrAdISAnztubYndhImcrgYdhIm-AndhIzImpAlsIztubrekAwevrAmDAakyApeSAn-hIzfaDRh@zbalod-AndmekAniwefcrhImsElf-
1284,-DAmadAstfElowUdh@vlYktufemTrAstApanhImfcrsAmwRDiAtivmAnt-ItmYtbifcrAbUk-RrfcrDAskIlfAlm@nAjmAntAvsAmgretnuzpepR-crfcrsAmgErIGEkspAdISAnlYkD@tAblUtAnItstrencrdaktRken-
1285,-hiwazAnebAltudIsYdIgz@ptliwAtItSUdbi-
1286,-tsAmtYmz-yuTcthiwUdlYkDAst@ndAndAkAnspISAspUpIt-AndhAmblipriCtDAgaTpAlAvrIpEntAns-AndItivInkrcshIzmYndD@tItwUdbinobAl-tugIvhImsElftuAmICnErilYf-tusAmbAnYtAdrijAn-wRDAdetpangroz-AndDAnYtAngIlzvOsIzIntun-AndDAbUldAlsIGz-anDAaknYts-
1287,-lcsimtuhEndwElInAp@zAsYAns-bAthinEvRkUdIskAvRApr@ktAkAlkeswErItApyudtuhImwRTwYldtugotulck-AndclDAklYAntshustapwIDIsnuklRkAndDA@ntirumAvDAwcapAswErhiwazrYtIG-fIlApAnvEriAbliAdvYz-tusEtAl-nom@tRhW-bAt-sEtAl-retlituDAdIsgAstAvhIzEmplOR-hunuD@tjAstAzbItwinm@nAndm@n-kUdonlibiAtendbYDArEkAnYzprasEsAz-wIDAtEndAnt-iz-
1288,-ItIzsACAnobAl@mbISAn-D@tItIzApItiIth@zyuZAwAlisAC-AS@lofWnAdeSAn-
1289,-hiwantItubIgIn-@tDAtapAvDAl@tR-
1290,-fIlAvDErfcrArEdIlAjAntliIndDA@stRlYbrEri-pl@ndlItREriwRksD@tSUdkAmpElAtEnSAn-AndnRsthIzjinyAs-
1291,-hih@dnofrEndwYzAnd@ftutElhImtusEptIntuDAdcrkIGkAnvInSAn-D@nInsESAn-mekAskECAvDAmEn-AndwImAnanDApl@tfcrm-AndtekItuDAEdAdRAvDAdiligretfYn-AndsiwAthikUdgEtAlYnfcrIt-
1292,-ovEriwEl-sEdgrIGgotRnIGAwewIDASedAvkAntEmpt-IlfYnd-IfyuargoIGIntulItRCRAnuzpipRlwRk-D@t-yuk@ntAfcrdAkantAnslYkD@t-
1293,-wAttIlAvdIdAfcrdIt-Andhirot-TIGkIGhItsfrEndzAndAklYnIGbIkczhisEdDAplItAkAlskimwUdfel-And-ct-tufIl-
1294,-AndhiwEntb@ktuhIzbUksAndtuhIzwetIG-fcr@nopAnIGlarjnAf-rIztIGAfYdIntrAnsIntDAlItREriwRld-
1295,-wEl-YmgoIG@znEnjnIr-yukUdgo@zwAn-
1296,-yuk@nbIgInbYk@riIGArcdAndprIGdWnDAfIgyRz-
1297,-nowUdsctyusun-
1298,-YvbnGraditugoEnhiwErfcrsIksmAnTs-
1299,-DAtuyAGmEn-huwRbYDIstYmfUlAvDA@dvEnCR-wEntdWntuDAwclstritcfAsAvpEnrizAGkAl-Andh@dAtckwIDWtwYliapretR-
1300,-DAnYtwazspEntInp@kIG@pAnrYtIGlEtRz-fcrfIlApwUdnateksAC@nImpcrtAntstEpwITWtInrAmIGhIzfrEndz-
1301,-wYnsAnmAzErisAmwEr-anDAfrAnCirYTIGk-wilgEtAm@p-
1302,-YwazAfredItwaznIrAhom-
1303,-hinuIzAGkAlwUdbigl@dtuhirD@thih@d@tl@stRndhIzTctstuApr@ktAkAln@tR-
1304,-hiwElnuDApErAlzAvDAfrAnkhir-DAs@vAjstetAvDAsYAti-AlRkIGAndiAnzAndDAdenjRzAvfivR-
1305,-SiwaztYRdApADRTIGz-
1306,-SitrYd@tDIsmcrnIGAndErcrtuApanDApi@nEl-seIGAsImpAlscGInAswit-bAtslYtlimAt@lIkvOs-AndDEn-sidIGhRsElfbYDAopAnwIndo-r@dAfIlApsplEtR-
1307,-wEl-mADR-sEdDAyAGstudAntlUkIGAp-wIDASedAvbImpeSAns-
1308,-YhopDitoldDAEldRzD@tfaDRAndYRrIspansAbAlfcrDApi@no-AndD@t-mAC@zDAlAvsmyuzIk-DiIznEvRAndDArumwEntIt@zpled-
1309,-YhRdfaDRtIlkAzAn@bAnRD@thiwazwIptsocfAnfcrwIsAlIGwEnhiwazAbO-D@thiwazdItRmAndtuh@vwAtkampAnseSAnhikUdgEtnW-
1310,-DYwezgretlitrYmiruT-AndclDYrileSAnz-
1311,-IzDYfaDRwIlIGDeSUdgoAwetuAskulAvDAwRldzpipAl-
1312,-Yh@vnat@skthIm-rIDrIplYdwIDAwUkD@tmYtImplY-D@tSiwazwAnAvDozdItRmAndlItAlbadiz-hufRstmedAphRonmYnd-AndDEnkAmpEldADRztumekApTErz-AndAkcrdAnswIDhRz-
1313,-mADR-Y@mgoIGtustEdimEdAsAn-
1314,-markRAtboltAn-clmostlcstfcrAmomAnt-hRh@bICuAlpAlsIdAti-
1315,-Di-stAdimEsAn-
1316,-dIzduyTIGkDikUdst@ndItsIksmAnTs-
1317,-And-bIsYdz-sApozdid-dAslRdmEdAsAt-
1318,-YwIlpr@tusIt-
1319,-wErDiAndYf@mAliartno-
1320,-IfYk@ngEtpeSAns-
1321,-ruTsD@tkwYtstIlfcrAtYm-wIDfesAndtEntAndflESt-ItwazWtnW-
1322,-DAsYtsIrzrItRndInhYspIrAtsfrAmDAsIti-
1323,-ruT@sktDAInTuziAsIfDewUdlYktulYpIndsACAsWndIGmazAliAm-wIDItsgrethclz@tEkwirumz-AndnokAmfRtAbAlplesInItfcrDAkambAdeSAnAvEnibadi-
1324,-AndDEnDErwazbrcdSrit-
1325,-DErIzsRtAnliwaznoEntuIt-AndivInruTwazfIlAdElfiAnInAftubIliv-D@tAstritctnathih@vEniEnd-crarkAthEktrAl-bwYtApanwICDAwIriYtkUdrEst-
1326,-bAtniDRsenjRrard-ncrbrcdstrit-niDRwAndRzAvDAmEnt-ncrDAglcrizAvDAhcl-wRDAgostsAvWRfaDRzsItclwezsYnIGDAdEkAlReSAn-ImprEstDAvIzAtRzsomAC-@zDAsplEndRzAvDACEstn@tstritwIndoz-AndDAbargAnzanedstrit-
1327,-IzDAgoIGtuDAyIrlimitIGruT-@sktwAnAvDAgRlz-
1328,-Yh@vnATIGtuwEr-rIplYdD@tdImIrpRsAn-
1329,-Ith@zakyApYdmADRAlcGtYm-tufYd@tDASaptDAIgz@ktSedfcrhRnubanIt-
1330,-And-Diwontgot-wYSUdY-
1331,-IfYgotumitIG@tcl-YlYkbEstusItInDAkwYAtoldhWsInjRmAntWn-crDAwIndozarclopAndAndYk@nsiDAtriz-AndhirDAstRAvlivz-
1332,-ItsACAkrAS@tDAyIrlimitIG@tartStrit-AndDEnDErzDAroAvsliklUkIGyAGmEn-huwYInDAkRbzdontAndsErAd@z@zwikAmWt-
1333,-hih@zAntse-bAtItsanDAfrAntir-AndanDAm@p-EvriTIGbIandItIzmarkt-IndiAnzAnd-dEzRt-AndlUksh@zdEsAlAt@zAwAnsemitIG-liSt-ItwaztYmfcrhImtudusAmTIG-
1334,-IzhigoIGtustartAdelinuzpepRAmAGDAkIkApuz-
1335,-faDRDizAnjAstuvfIlAp-hizgoIGIntubIznAs-
1336,-hidAzAntseks@tliwAtItIz-sEdruTAlItAldubiAsli-bAtItsAmTIGAbWtl@ndAndrelrodzAnd-DAnozfaDR-D@tfcrCAnsarmednobadinozIgz@ktlihW-AndAnukAntri-
1337,-D@tfIlAvhIzYAst-Andhih@ztEltInAf-IfhiwIlstapskrIbAlIG-tumekhIzwen-
1338,-lEtA-bakswUmAnWRpUtIntu-mEZRdfcrIt-AndpUtInyAG-IfwidontEniwErItsInAbaks-beldAndpInyAndAndSAtInbYdIsAbIlAtiz-
1339,-wYSUdYrEstAndbistupAd-AndsIt-InIn@kSAnbIkczY@mAgRl-
1340,-AndIfYh@dAfcrCAn-wUdDiwantmitulEdAyusAlslYf-
1341,-@zDAkAnsAltAdDYmADRAbWtAkRIr-YsApozItIzAkrIrAvDiwAns-
1342,-bAtD@twYzAndpl@sAdwUmAnAndRstUdDAswitrAbAl-AgretIlbEtRD@nruzAndRstUdhRsElf-
1343,-ruTwazgl@dtuhirD@tfIlAph@dmedApUSAntuDAwRld-AndSiwazSUrD@thIzt@lAntAndkRAj-wUdmekAwefcrhIm-
1344,-bAtDAmcrvcRgEtfAlnAsh@dDEnprIveldDAmcrpWRfAlwazDAfcrsAvrImEmbrAnswEnSiAwop-
1345,-mIsnonRzhElTIznatgUd-
1346,-sEdmIsIzhcrtAn-AfyumInAts@ftR-
1347,-soDErIztumi-AndIs@mpRdwIDAsRk@stIksnIr-
1348,-AndyEtyumAstonhRbIhevRh@zwcrAntudDEm-h@zItnatbInInDIspRtIkyAlR-InkohIrItAndAnAkWntAbAl-
1349,-nAD@tYnoAvnatwAnmcrD@tYnoAvhirIplYd-wIDAstanISmAn@twAtSih@dInsInyuetAd-AndyEtwIDApRfIktISUrAnsD@tSiwazInDArcl-
1350,-pRh@psY@mDAstekAnd@nsRdSi-
1351,-tu@skEnimcrkwEsCAnzAvyuYbIlivwUdbiAnfEr-
1352,-hisimdtuAwetfrAmhRrIplYbAt@zSimednAnhiprAsidAd-
1353,-bomYlcrdkrYgnAswUdliwEnAmostfcrsAbAl@ksEnt-yuarDAl@spRsInanRIfSiwUdpardAnipcRIntrAstIG-
1354,-bAtInsECAkesnDIsnonRzIlEkSAnAvAhAzbAndS@lnatdREktmYn-
1355,-IfSidAznatnohWtu@ztumethRonv@lyu-Ydu-
1356,-InDApEnAnAvhRfcrCAnSih@zbyutituk@ptAvetDAhartAvEnim@nAndwIDclrAfaliz-Sih@zAfr@GknAsInhRm@nR-@ndAnAfEktAdwIstAmInhRTcts-AvAv@sAtiInhRkanvRseSAnAndwIDcl-AscfnAsInhRdIminR-D@tmYtAlonEngejDAIfEkSAnzAvAm@nAvAnYsAsEntAmAnts-AndDAstrcGgAstAndRst@ndIG-
1357,-mYlcrd-mIsmIlRztestIznatAdIprevdwAn-ItIzbAturAfYnd-
1358,-wAtk@nyIGIGbYD@tmIswUdli-yutckmIstIriAsli-
1359,-IzSinatAfredD@tYwIfwcrthRInInklAneSAnz-
1360,-AgEnhisRCtuzonpatsncrInAfEkCuAli@zbIfcr-
1361,-mIswUdAliwaztulItAlbRstInDAsAbjIktunoDIswUdh@vbInatulAv@tcl-@tlistnatuDAIkstEntAvbrekIGTruEngejmAntsAndclDAvEriAsabstAkAlzD@tstIl-mItAgetAdAkEnstEryunyAn-
1362,-turIlivhRfrAmboThiledhIzh@ndwIDfcrAsApanhIzhartAndsEd-tuyubIlivmi-
1363,-YwIlmeknoAnjAstyusAvwAtYnohirIplYdwIDfRmnAs-YbIlivIGmYlcrd-
1364,-Yh@vnEvRyEthWEvRbInv@GkwIStbYDEmAnd-ivInApanDIsAkeZAnmYrizAnS@lkAmb@tDEmtuDAl@st-AndmYrizAnS@lfelmibIfcrYdIrcG-
1365,-yEsdEdDizfcryIrz-AndIngUdjafrcrhRtu-
1366,-wEl@zYseIts@nafAlkwIrwRld-nekl@pclDAbRgAlRzAndjenDAmRdRzInDAwYkbitRz-YclRsTatAjEnRAlripruvwUvbiInApAnISmAntfcrAwYffitR-koshiprabAblih@zAlatApravAkeSAnD@tnobadinoz-AndDAfYRbUgzk@ntTIGkAvArYtnemsAvDAlEgsEndiEriz-AndDAbrekRzAvDApisAndwAtnat-AndyEtDAlch@znATIntusetumilYkh@ndlcrd-
1367,-gr@ndfaDRwazWlIgz@ndRk@riIlEldidaktRAvlczD@tIz-
1368,-mIstRpapAmledWnhIzbrES-
1369,-Yswentum@n-hiAj@kyAludIfyunowRkhardyukekipApwIDAtYbz-daktRAvlcz-
1370,-dYnhi@GkdanAT@GkhicrdRsInshiwazbcrn-
1371,-hikipz-D@tDWSWtnatkAm@mAntsfRstrethEndlcrdAz-
1372,-higevAphIzbAzIZAnAndSAtDAf@mAliApInD@tumAvAhWs-sonhikUdstAdihIzbUks-
1373,-mIstRpapAmIgz@CRetIdnATIG-bAtanDAkantrErilEftmACAnsEdInhIznErAtIvAvDAf@mAli@tDAhWsAvlcrdz-
1374,-hEnridlcrdwIDAdIgriAvpiet-didtuhIzkr@dAt-h@dbInprAfEsRAbzualAji@tAnuIGglAndkalIj-bAth@drAsYndhIzposdIncrdRturYtAsIrizAvsYAntIvIktEkstsbUks-
1375,-clwezIrAtAbAl-koldIndIfRAnt-hih@dgronr@pAdlimcrso@zyIrzwEntan-
1376,-wAtEvRApildtuhRsEnsAdbyutiwazturetwetr@nsfRdtupepRcRg@mvAs-
1377,-SiIzwYltunoh@dAduTIGz-
1378,-SimeksEfRt@ftREfRtrEmbAlIGwIDigRnAs-AndwEnSifelzturiprAduswAtSisiz-SiwRkshRsElfIntuAfrEnsiAvgrifAndIsApOntAnt-
1379,-wEnSikUdnatmekAr@bAtcAbRdlUkrilanpepRSisRCtIntRfaDRzbUksfcrpIkCRzAvItsbonz-
1380,-sIrAlDErmAstbisAmbEtRwiAvduIGYjAst-drcDA@tlYnAv@n@nAmAlAndDEnYpUthErzcrf@DRzanIt-Deh@vnobadiz-
1381,-DekUdAntrAnRmudDErjAstpesbcrd-
1382,-hiwUdAntsRCsEdontwRirIplYdsErokwYAtli-AndDAtulutAtiCADRAndnu-@tItwazso-
1383,-DEr-InDAsidRhWAdDEn-DIv-alAtlcrd-An@GgrirIzEntfAlItAlkriCRwedWnbYAfIrsEnsAvInjRi-
1384,-algzmcrnfAlblAkYzmEntn@nsisparklIGbr@nlAndz-
1385,-n@nsizkrRliCEstnatkrap-SonInDAsAnAndalAvzTIkbl@kpletslUkt-l@kRbYkantr@s-
1386,-SihIzwAndRfAl-mcrmwAndRfAlInEnibadiwivEvRsinEniwEr-AndSidrczd-bEtRD@nDAtiCRInjrclztWn-
1387,-SizAndRD@nY@mpUtsotYniAnds@dAndSY-D@tSisimzlYkACYld-
1388,-n@tiharmAn-trYdDAkICAnpAGksikrItlisEvrAltYmstOIGDAivnIG-fcrDAwctRh@dturAnAphIlclbAwefrAmDAwEltuDAkICAns@Gk-AndhibIlivDIstubiIkAntInyuAlmErAkAlD@tmYtgIvWt@tEnimomAnt-
1389,-tunYtDErwaznonidAvEkstrAhit-AndDErwRgretsErAmYztubiAbzRvdInlYtIGDAfYRzanDAhartst@ndz-
1390,-DebIg@nwIDAwAnInDAf@mAlisItIGrum-kRnAlwilR-r@TRstAn-mIstRAndmIsIzbIlharmAnwIDn@diAndrapAz-mIstRAndmIsIzpapAlAdIgbiAndl@lijO-clst@ndIGAdmYrIGgrupsAndrIlIGwIDdIlYt@tDAcrdRAvAvEnts-
1391,-k@ptlIGweDAtcrCtuAndkro@zSirAsYdAdsAmbyutAfAlYnzrItAnfcrsAmsACpRpAs@zD@twICkcldDEmtAgEDRtunYn-
1392,-brRnfYRbRn-lIkRflIkRfnem-
1393,-nEkstkemalAvstRndtuhElpInDAsErAmoniz-
1394,-rWTTRstAndh@dfWndAlYnAvl@tAnfcrDEmInhIzbIlAvdhcrAns-tibislEndIt-fokAs-fcryuDAharT-fYRSYnz-
1395,-alAph@dpEntAdDAmadoanAlcGnErop@nAlAvp@nvAs-AndgIvIGItumIstRpapAmstUdbYDAfYRsYdwYlhidEplifItAdItIntuDAplespripErdfcrIt-
1396,-YlAph@dsAnADRlAvligIptfcrDAyElohWsEdmADRk@riRYzIG-Andtuk@riWtDAnEkstpartAvDAprogr@m-wiS@lh@vtugoInprAsESAnApstErztumYbEtR-
1397,-IksklemdbIharIntuhIzwRYf@zDewEnTruDAlYtAdhcl-
1398,-entTeIGDAgretAs-
1399,-mADRt@ripcrtkalfi-n@nsiCcklAt-AndDADRsElfsRtDAselACAzAndk@kdonItsAmtarts-
1400,-@tD@tmomAntDAjEntAlm@nEntRdbErIGAhyujabjEkt-kAnsildbYpisAvgrinfElt-
1401,-AproCIGDAdYnIGtebAlhikErpAliplesdDAartAkAlInDAsEntRAndrimuvdDAklat-
1402,-TIGks@dAmYsolf-YnEvRsinEniTIGcspapAlgUdAntmEn-IfhitUktYmInApAndglIInAp-soYk@ridDIslItAlfElRhomAndAbUSAb@sk@twAnYtlEsmAp-AndAvspEntAl@vAnivnAnsbUtnhImtAgEDR-
1403,-mIsIzharmAndTcthis@GtumACAndtoldhRhAzbAndprYvAtliD@tIfhiwazAkAnEribRdSiSUdwantkipAtebAlkAvRArIzEtmostuDAtYm-bAthiwazInmEnslipapyAlRwIDArEstAnhIzaniAns-
1404,-DAfesAvDEmAhavAniSonwIDdIlYtAndwYnAt-wEnItwazduIGEvriTIG-clmostEvriTIGwIDInDAskopAvApi@no-AndyEtDAf@mAlih@dEnjOdwiksAvgUdnRISIGmIlz-clwAth@dbInsevdbYAItsIkzRSAnz-
1405,-wizSAtWRYzDAflWRzbluman-wimRmRbAtDAkcrniRzfIl-wiCuzDAS@dobAtDAsAnD@tk@stIt-SYnzbIhYndAstIl-
1406,-lEGkTAvsRvAs-fcrtinyIrzTrimAnTsAndfYvdez-
1407,-hisimdbcrntuplizwITWtbiIGkanSAsAvDApWRhipAzEst-
1408,-ItmAstbiond-AndnowAnwazmcrEditukAnfEsItD@nhImsElf-D@thIzlItREriAtenmAntswRbYnominzAvAhYcrdR-
1409,-widontspEnkapsIzAfevrYtseIGAmAGstartIlRicfAsRz-IndAketIGD@tDedunatSRkDErdutibYfrIvAlAsprIsits-bAtItmAstbikAnfEstDAsavAt@kbiGm@CRAliYdAl-wazvErinAtCgIvAnDAspInIGtaps-
1410,-wAns@n@kSAnhiwazlidIG@tAt@CmAntAvImfAntretTru@nAntrEnCrAmp-
1411,-sAmtYmzhuwUdwandRanfUtApanDAs@ndiScrn-sAmtYmzhiwUdEnjORYdAlcGDAsAmAtAvDAklIf-cltAgEDRbiIGInohRi@tcltubrIGhIzt@sktu@nEnd-
1412,-nokATitrAl-nativImbRgozItsElf-kUdvYwIDACRCAtmontmarCR-
1413,-bEnzAfsmost@m-bISAsdIzYR-waztuIndustDAk@ptAntugowIDhImAndEndhIzdez-AndhIzmAClAvdhom-AndsoIns@sAntliwRsRvAd@ksIrzbIsijdwIDdAskrIpSAnz-AvDAnpErAlobyutiz-And@dv@ntIjAzAvDIs-etkem-WRAndIsImclAvpErIs-D@thikUdskErslihirDAnemAvmatmarCRA-wITWtAkanSAsTrIlAvAvRZAn-
1414,-wEnAprYdAdInDAepk@vRlRi-hih@dbInanDApOntAvkwItIGDAarmi-@twEntiAtyIrzAvej-bAtanIkspEktAdlihih@dbInApOntAdcrdRlEktuk@ptAnsRvAd@k-
1415,-DAbandAvyunyAnDAsIfEktAdkUdnEvRbisEvRd-AndclDobEnsAfs-ACivmAntsh@dfErliRndhImDArYtAvhRtYrmAnt-hifRmlidIklYndclhAnRzcrEnipEnSAnD@tmYtparthImfrAmhIzsupIriRcfAsR-
1416,-YmYkhIzm@stRhimednopritEnSAntuEnigIftAvpo@tIkpWR-bAthIzInIgzcsAbAlmEmRi-medhImAlIvIGAndsYkwIpidiA-AndfcrhIzstakAv@nIkdotsAndtrupRAstelzhiwazm@ClAs-
1417,-f@st@zhIzlEgzkUdk@rihIm-sRvAd@kh@dmedhIzwetuDAtapAvDAkwIf-
1418,-ItwazkwYtruD@nAvEsAlwazInsYt-hardlimcrD@nsIksmYlzfrAmDAScr-bAtoIGtuDAInkrisInDARTskAmvEksAti-AndAkansAkwAntlImIteSAnAvDArenjAvIZAn-DArIgIGAvDAtctm@stsAlonwazvIzAbAlAbAvDAwctR-
1419,-IkslemdsRvAd@k-kipIGhIzYAnmuvd@thIztElAskop-
1420,-SihIzAndRselbAtSiIzkWnthImASEfsyat-hiwazrYt-
1421,-IfDAkWntwRanbcrd-AstrenjDet@lAtiwazbrIGIGhImtuDAprEzAnsAvhIzrYvAl-
1422,-hirEkAnDErfcrnatonliApan@sRtenIGDAIkstEntAvDAlekAt@strAfi-bAtApanmRnIGItskaz-
1423,-DAwYndbiIG@dvRst-DAdobRIn@dIdnatmekvErir@pAdtraGgrEs-bAt@zDAwEDRAndspYtAvAfyuklWdzrImendkam-AndDAsiwazkwYtsmuv-SiwazEnebAld-tuholdAst@dikcrs-
1424,-sRvAd@ktUkItfcrgr@ndAdD@tDAtAbrenAwazIndEvRIGtupUtIn-
1425,-AmEroC@nAlfcrmdAp@sAjTruDArIjAvraks-D@tprAtEktAdItfrAmDAopAnsi-AndwIC-ivInInDArAfAstwEDR-wUdInSUrDAkamnAsAvItswctRz-
1426,-flYtliCenjIGhRkcrs-SifRststrAkhImensel-And@ncrdIjAvAsIlAtetDAmuvmAntsAvhRhElmzm@n-sunk@ridmATIGbAthRtutapselz-rIgAntinAndjIb-
1427,-k@ptAnsRvAd@khesAndtAwcrdhIm-
1428,-YlEftyuanAkantAnAnt-AndhirYh@vDAhAnRAvfYndIGyuan@nYlAnd-
1429,-nEvRmYndbWnIntRpozdDAk@ptAn-wiwIltckAvD@tbYAndbY-
1430,-nATIGmcrD@nyunoyRsElf-
1431,-aryusRtAnD@tDIsIzDAmEdAtRemiAn-
1432,-fcrsAmomAntshisimdpRfAktlistufAfYd-AndDEnrAkAvRIGhImsElfhibIg@ntuovRwElmDAkWntwIDAtcrAntAvkwEsCAnz-
1433,-tuclDizInkwYRizDAkWntrIspandAd-AnDAfRmAtIv-
1434,-sAmIstIriAsfcrssimdtuh@vbrctAbWt-AkAnvAlSAnAvDAElAmAnts-
1435,-yuwIltekmianbcrdkWntAlyunat-
1436,-mYyatIz@CRsRvAsR-ivInSUdyurikwYRtumekAtUrWndDAwRld-
1437,-DAkWntSUkhIzhEd-
1438,-bIfcrstartIGItwazIndIspEnsAbAlD@tDAEnjAnAvDAdAbrenASUdbirIpErd-tuselAndRk@nvAsonliwUdInkantrEriwYndzAndrAfsiz-biboTpidiAsAndIfAkAlt-
1439,-ItwazanDAl@steAvj@nyuEriD@tDArIpErzAvDAskunRwRkAmplitAd-
1440,-AslYtdImyAneSAnIndDAIks@sIvlihYtEmprACRwICh@dprIveldfcrDAl@stfyuwiks-wazDAonliApErAntCenjInDAjEnRAlcrdRAvTIGz-bAtwEDRDIswaztubiAtrIbyutIdtuEnicltReSAnInDARTcrbIt-wazAkwEsCAnwICwUdstIlrikwYRsEvrAldeztudIsYd-
1441,-dWtsnWRoz-AndsAmdIskASAnfalod-wEDRrnatItwazdIzYrAbAlfcrbEndzAvtuAkAmpAnihIzm@stR-
1442,-hRsigoIGkwalAtizwREksAlAnt-AndwAth@v@mplisAfYstfcrAsRkAmn@tAgeSAnAvDAglob-
1443,-@ftRnApr@ntASIpanAmRCAntSIphih@dEntRdDAImpIriAlnevi-Andh@dclrEdiriCtDAr@GkAvlutEnAntwEnDAkWntApOntAdhImtuDACarjAvhIzonprYvAtyat-InwIChiwazAkAstAmdtuspEndbYfarDRgretRpartAvhIztYm-TruWtDAwIntRjEnRAlikruzIGInDAmEdAtRemiAn-wYlstInDAsAmRhivIzAtAdmcrncrDRwctRz-
1444,-AletAstWndIGIvEntshWEvRh@drEndRdprokopmEnAf@stlianizi-AndnatDAlEsofrAmhIzkanSAsnAs-D@tDAkWntsikrItlipartUkAvhIzonIGzYAti-
1445,-stimApAndk@nvAstsprEdDAskunRstartAdistwRdz-
1446,-clDoonlDAmadRAtbrizwazbloIGDAsiwazrAf-AsRkAmst@nstubiAkWntAdfcronlibYDAdImyAneSAnInDAfcrsAvDARTsAtr@kSAn-r@ndRIGDAlIkwUdparAkAlsobOn@t-D@tbYDAmIrAfEktAvasAleSAnDewRk@ridtuAhYtD@twazkwYtAnprEsIdEntId-
1447,-fcrfyumYlzSifalodDAlYnhIDRtuprAzumAbliakyApYdbYDAkostAb@ljIriA-bAtnol@ndApIrdtuDAsWT-
1448,-DAlcgAnDAkAmpAstDErfcr-wRebAltubikcldApantuduDAwRkAvDAsEkstAmp-wICh@dbIkAmAtRliyuslAs-
1449,-DErznofIrAvD@tsR-
1450,-AvDARTh@zAmdWtAdliEntRdApanAnucrAbItbAt-SihIznatInkRIGEniprabAbAlrIskAvbiIGprIsIpItetAdantuDAsAn-
1451,-AndwAt-dEmAnstreSAntuyucfR-@sktsRvAd@kigRli-D@tItwIlnath@pAn-
1452,-oSAnremdsRprem-
1453,-clDAImAjAzAvhIzp@stlYfflotIdApanhIzmEmRi-hIzTctspEdAwetuhIznetAvfr@ns-onliturItRnAgEntuwAndRwEDRtDAdEpTsAvoSAn-wUdrIvilEnitresAzAvDAbjEriAnbAtrapAlAs-
1454,-hIzItnatImpasAbAlhimRmRdAlWd-D@tEnisItiSUdIsApIrsokAmplitli-
1455,-wUdnatDAlcftiAst-EmAnAnsAzAvDAsIti@tlisbivIzAbAl-
1456,-AnWDRsRkAmst@nswazmostrImarkAbAl-
1457,-tuDAsRprYzAvclAndAspESliAvlItEmAnprokop-DAlYnIndAketAdAbatAm@tAnIrliyunAfcrmdEpT-AvfrAmfcrtAfYvf@vAmz-AndclDoDAsWndIGwazpRsAvIrdwIDkAntInyuAslifcrmcrD@ntuhWRz-ovRAkAnsIdRAbAlEriA-DAdIfRAnsAzAvlEvAlwRInsIgnIfInAnt-natkcrAspandIGInDAEnijIgri-tuwAtwUdbiIkspEktAd-ovRDAsYtAvAsItiD@th@dbIntErAst-lYkDAsitsAm@n@mpATiAtR-
1458,-yumAstsilutEnAnt-YSUdTIGkD@twiarnatsonIrDAkostAvWljEriA@zyuIm@jAnd-
1459,-@ftRpandRIGAwYlhisEd-IfwiwRfarDRAwe-YSUdIkspEktufYndAdEpT-AvtucrTrihAndrAdf@DAmz-InstEdAvfYvf@bAmz-fYvf@bAmz-
1460,-ItsdEpD@trImendInvEriAbAl-stIlfcrcr@tmostfYvf@DAmz-AndclDoItsbatAmwazAsIjwAslidrEjd-ItwazonlitupruvItb@rAnAvmRenprAdAkSAnAvEnitYp-
1461,-nATIGwaztubidAnbAtupUtAbWt-AndrItRnAndIsApOntmAntAwcrdDAncrT-
1462,-@tAnADRtYmhErAld@skt-
1463,-wAtarycrkAntriAlAfh@dyuclwezbInATRcl-DATrclDYzfl@St-
1464,-tuhAndrAdwciRzfisAnhIzhclAndfalodhImtub@tAl-
1465,-DArEstAvyucfAvYkIG-hih@dTriSIps-
1466,-DitigevduTriAvmYbrADRz-
1467,-bAtYsfed@tsprIGAnbIltmiAbot-
1468,-YmedRfrolitwEntiwcrzbIkczATct-yumEnwUdfalomi-prYwazjcGfIftinyIrzold-
1469,-@tDAprWYkarvDAhEdwIDopAnmWD-Andfcrkt-tAGTrAstWt-
1470,-YpentAdDAYzrEdfcr@GgR-
1471,-DErst@ndsoYsEdAnglErIndhIzAtmYfoz-
1472,-InDAstarnYkarvDAtelApclmostd@zhYzDAhEd-
1473,-nErSis@tanDAralRzIzfErSIp@zYEvRsc-
1474,-DEnYwIlgEtmiAfarmwIwInRInD@tl@nd-nWhuAfalAmi-
1475,-hIzbAtAbAlwedmEndsEd-
1476,-TRdimEnwAn@ftRnADRrezDErhcrnzAndsEd-
1477,-@zarbotfl@SdWnDArolRzIntuDAwctRYmedDAscGAndseGAnt-
1478,-sowihEridDAkostAvncrwe-
1479,-wietAtmEnimEnztebAlzanInvYdAd-
1480,-Ydr@gAnzbIliIznEvRfUl-AndanbcrdwEntDAgold-
1481,-oItIzbEtRtAlYvanAsiInlEtADRmEnrezRkrapsAndkUkycrmilz-
1482,-AhWsmolzAsmok-ASIpsmElzAvfralIk-
1483,-ApAndWnDAwctRwiwEntugEtmACwElpAnmACfralIk-
1484,-wAthAvDAfarAmAlAv-natyEtY@nsRd-bYkIGIzbEtRfcrsamR-
1485,-yuwazsodarkD@tYkUdsinATIGbAtAfyuzparksanDAhar-
1486,-YstUdwIDmYb@ktuDAwcl-fcrYwAntInoscrtriCIGWtAvDAdarkfcrmi-
1487,-kAmkAmYkcldwEnowAnAbed-AfYR-
1488,-mYmEnl@t-yEsAstIndhihoz-
1489,hi@ksAzowihdnatIkspEktAdAs-
1490,-anAbEnCAnAvfarkcrAmwRAdAzAnpipAlhAdAldtAgEDR-
1491,-brIGInDAtebAlwiarhAGgri-
1492,-DATrclzwRrIGIGInAgretpatAvmi-
1493,-DesEtApAkrenovRDAfYRAndhAGDApatApanIt-Andwis@dAndwaCtAbOlYlwijokt-@tl@stwIsApRbIg@n-
1494,-DAfarmRs@kblumlianDAb@nCAnwRncdi-Andyuk@natwAndR-fcrhisc@zpAtIGpatfAlzAvhIzgUdbiTAndb@skyAlodzAbrEdAndWRbIgmWvz-
1495,-yuwUdnatiwIDAs-yuk@natsenotuh@fAvmYel-YdrIGkDAstuycrhIl-
1496,-DEnYdr@Gkh@fAvDAhcrnfAl-AndsEtDArEstukrcsDAfYRtuDAfarmR-hitUkItInsmYlseIG-
1497,-dIdrIvRh@vsACAlcrdligEstbIfcr-YwEntan-
1498,-soYwIlgIvtWpDIslc-D@tmYmEnS@lnEvRlivyuAlon-
1499,-hckAndDES@lbiyRr-kanstAntkAmp@nyAnfrEnfarmR-
1500,-yuS@natlEvyudecrnYt-wIDyuwRwRkIGcrpleIGcrslipIG-
1501,-YnemdnYnADRzAndsEd-
1502,-AndiS@lfaloycrTrclzInDAsemwe-
1503,-tuYsEtgardzovREvRiwAnInD@thWs-
1504,-sonotelzgatWtuDAnebRzbIsYdDowazAlonliplesAmbYgUdlaknowAnkemD@twe-
1505,-DErYzd@ntbIgtcrlistUdApAndstrECthImsElf-
1506,-YmstIfwIDlcGsIdihisEdY@CfRrAfYt-YtRnduDAfarmR-
1507,-dIzIzWRl@stfistwIDyuYsEd-
1508,-bYDAbIrtAvodnYkrYdyuh@vtekAnWRjoklYkAm@n-
1509,-mYmEntWndAvDAtebAlwIDErfIs-
1510,-bYDAh@mRATcRSWtAdgrIm-DErIznostInjikWR-
1511,-hirfrEndtekIt-AndiTrAstIntuDAfarmRzh@nd-
1512,-meyudrIGkhartsizfrAmItfcrmEniyIrz-
1513,-AndwIDItYlivyuAnemsIfDAfrEndli-YS@lhoptudrIGkwIDyusAmtYmAndbclhalA-
1514,-hirIzArIGfcrsIfDAfrEndli-AndhirIzAbreslAdAvAscrdwUdnatbiASemdtuAh@GItycrsYd-
1515,-YtUkfYvgretbresAlAtsAgoldfrAmWtrESASEstAndgedDEmtuhIm-
1516,-D@tIzDAbEstwezsYdDAspIrwIlclwezpOntsAmwEr-AndwAntIG@zIzgUd@zAnADR-
1517,-D@tYmItpEnzIntuycrfaDRSIps-
1518,-hirDesEd@zArEskAlhuzbInhEriRrkos-
1519,-wisAGkhIzSIpAndmEnbAthImwibrctuyu-
1520,-ArabRfYkIGzAvDAkIGAndhisk@ld@tmi-
1521,-yEsAnwIDclycrfIGgRzItUkyuAyIrtAk@Cmi-DAkIGfrWndmcr@GgrAli-
1522,-tekhImWtcrkAlAndlEdAmtestyRscrd-
1523,-ycrmADRDAkwinwazst@ndIGbY-
1524,-nWSipUthRh@ndanhIzarmAnsmYldAndsEd-
1525,-AndwUdhinatbiAgUdyEfrYbebi-
1526,-yUrfaDRTctAmomAntAndlUktAdrAmADRAndsmYld-
1527,t-saftharthisEdjEntlidar-DEndAtcrkAl-wElEtAngotcrkAl-
1528,-DEnitRndtumiAgEnfrWndIG-
1529,-bAtyAGSarptAG-nWDAwih@vkatyuwIlpUtyuAnduAtr@pD@tyuk@natgEtWtAv-
1530,-soYlYvdAndnWmycrtuTTRol-wElItIzDAlAkAvwcr-
1531,-ItwazwAnAvDAm@strAliAnCarmIGstcrizAvdAmaDAEldR-
1532,-InfYvmInAtsYwaz@nAnuwRldAndmYmElAnkalirumwazfUlAvAlYvliAsfrEnCkAmpAni-
1533,-DAsWndAv@nImpErAtIv@nAnkamprAmYtIGbElrIkcldmiIndItYmtuDArijAzri@lAti-
1534,-@mbRozmEtmetDAbarnAvDAstErzAndSodmiDAwetuDAsApRrum-
1535,-SisYndtumiwIDAgoslislImnAti-tutekDAvekAnplesfrAmDAlEftAvhRfaDR-
1536,-DAdcropAndAgEnwYlYwazstIlstAdiIGDAtubrADRz-wITWtYanAstlikAnsEsbiIGvErifevRAbAlImprEstbYiDRApDEm-
1537,-AnumEmbRvDAf@mAlisRrkAlkuInstAntliAtr@ktAdmYAtEnSAn-EntRdDArum-
1538,-AlItAlkr@k-D@tInDApapyAlRfrezIzmYImprESAnAvDAstrenjRhunWmedhIzApIrAnsInDAsApRrum-
1539,-mIstRmEtAkrofDAEldR-h@vIGnatspokAnwAnwRdDAsfar-hImsElf@trAdusnukAmRtumi-wIDAsYdgl@ns@thIzsAnz-wICh@dsAmTIGlYktufYnzInIt-Agl@nswIC@zYwazsaritunotAs-wazrItRndwIDAdIfYAnsanDErsYdbYDA-tuyAGm@n-
1540,-bIlAblfr@G-DIsIzmYovRlUkRmIstRiagosEdDAoldm@nfcrmRliprizEntIGAst-
1541,-yuIznatwEl-y@zkAmovRDAoSAnfcrEst-AndCenjAsin-
1542,-mIsjiagozInAmErAkAnfIlAp-
1543,-mekAkwenzwIDmIsjiago-sIptAgEDR-
1544,-DepOntAdlidrub@kfrAmjanyago@zyuAproCDiAmptuCErnEkstmiAndmuvrWndtuDAapAzAtsYdAvDAtep-
1545,-AprItigRlAnsAfar@zYkUdjAjbYApIrAnsAzAgUdgRltu-dIskrYbIGhRjEnRAli-YmeseD@tSi@dAsmclhEdwElk@ridAndwElsEtRnrSoldRz-prYtgreYzD@tlUkt@tyuanAstliAndmEnt-wAtDelUkt-AtrImslYtlItAlfIgyR-tuslYtfcrWRIGglISnoSAnzAvbyuti-AstrcGAmErAkAn@ksEnt-And-ArErTIGInAmErAkA-AplEzAntlitonvOs-wICmedDA@ksEntAvgreAbAltu@GglISIrz-
1546,-WRfRsImprESAnzAvpipAlarInYnkesAzWtAtEn-DArYtnmprESAnz-
1547,-fcrwAnsAweY-bruvdAtruprafAt-
1548,-AonliCIrfAlkanvRseSAnwazDAkanvRseSAnkrcsDAtebAlbItwinWnmiInmi-
1549,-yulUktAp@nWmidWtIGlifrmhIzplet-AndlUktWtAgEnsloliwIDAfrWm-
1550,-wEnYdrEsthImhi@nsRdtustrenli-
1551,-AmcrdrIriAnmcrdIsyunYn@df@mAlipartiYnEvRsEtAvtebAlwID-
1552,-InvihetrAd-m@lAsAndAnCRAbAlnAs-arnEvRsoAsEnSAlidItEstAbAltumYmYnd-@zwEnDear@nAmetIbYDAsEnsAvprAprYAti-AndwRkAndRDAsRfAs-bAtfcrmYIntrAstInDeonmiAndmYADRIntrAstInDAlItAlAvlUkswICYnWAndDEnsprYzdp@sIGbtwinhR@n@mbroz-YSUdnEvRh@vs@tTruD@tsApR-
1553,-YwISyugUdnYt-SiledhRbonih@ndzanDAb@kAvmIstRmEtAkrcsImvAlACEr-hAdhImScrtInhIzfErwEls@lyAteSAntumi-AndwildAmWtuhIzbEd@zIfSiwRwilIGhImWtuhIzgre-
1554,-yuwRkwYtrYtusenoEmbRzbIg@n-nEvRsmokwIjaniagohIzsAgarjAlpOzAnyu-
1555,-DeAonliSUkAfcrfIGAriproCfAli@tDEm-@zIfDAtustRtianfarmRzh@dbIntuCIldrAn-
1556,-sYlAslAGkAwewITWtAwRdAvprotEst-@mbrostozgrWnd-EvAdAntlimEntAmekIGhIzpiswRneonmibIfcrilEftR-siIGD@tYwazInDAwe-YwcktAsYdtAwcrdAgl@stcrtDAloRAndAvDArum-
1557,-ItIzm@nAfEsDAm@nIznWsAbjIktumACvEriAbIlAti-
1558,-soItIzwIDAloR@nAmAlz-
1559,-DAvEribIlAtiAvmAltApAlparts-
1560,-bAtDIsAbjIstwIlbimcrprapRblitAsgAstwRlitritAvDAdIfRAntresAzAvm@nkYnd-
1561,-IfEktsAvDAInkristyusAndIsyusAvparts-
1562,-C@ptRsEvAn-anDAresAzAvm@n-
1563,-IndtRmAnIGwEDRtuAmcr@lYdfcrmzctubir@IGtuspiSizcrvRYAtiz-n@CRAlAsRpr@ktAkligYdAdbYDAfaloIGkAnsIdReSAnz-nemli-DAmWntAvdIfRAnsbItwinDEm-AndwEDRsACdEfRAnsAzrIletufyucrmEnipOntsAstrAkCR-AndwEDRnErAvfIziAlajIkAlImpcrtAns-bAtmcrAspESliwEDRDearkanstAnt-
1564,-IlAvAnAklakAndstrAk-ItwazAfYnklIrnYt-DErwRrDAonlipRsAnzanDArod-AndDescntAdlezRliAlcG-tuvOdpeIGDAprYzAvfAtigfcrDArEkReSAn-prAvYdAdfcrDAtAlidAnzInDAv@li-cranDAb@GksAvDErIvR-
1565,-sIkyUr@zhifct-AndDAkWrfAlh@dbnIstreSAnAvjAstAsInD@tsIti-AndDAkErIkCRAvItswEldIspozD@nh@bAtAnz-DAgUdh@d@lgowazfarfrAmTIGkIGD@tEnidhIz@stRkUdbIfclhIzf@mAli-
1566,-rIdalfclAndhIzkAmp@nyAnz-wIDhRfesAzmAfAldAnDErkloks-stErdrodli@ndInsAlEntli@tDAmADR-DAdctRAndDAsRvAntme-
1567,-InAmomAnthikAmyunAketAdhIzTctsrIskAmp@nyAnz-AndInDAnEkstmomAnt-DerizalvdtAtRnb@kAndk@riRcftuplizrIdAlfo-fcrDArIC-huaropAnh@ndAdclwezfYndpErAsYzcrEdituEnkRAjDErb@dprApEnsAtiz-AndDAstukUdsivDIswIkAdIzYn-tukAmyunAketId-ApruvAtrizalvanr@tISAnliokediA-Andtuk@riD@tdIzYnIntuIfEkt-wazDAwRkAvAmomAnt-
1568,-DedruDErscrtshIdDErfesAzInDAfl@psAvDErkloks-tRndb@kAndsunkemInfrAntAuDAlItAlparti-huh@dnatyEtdAngEtIGT@GkstugadfcrDArIskep-frAmDozAvAdeSAsmEn-
1569,-fYnAliDAwAnpartiwEntcfIgzcltIG-AndDADRwazlEftIndEsAleSAn-Andwol-
1570,-rAdAlfcrYvD@thIzonhWswITWtEniImpEdAmAnt-@liAkediAspErAnsriCtDErzhcbrokAnAndIspEri-
1571,-minwEl-rAdAlfAlh@dlukenyAsefInhIzkAsAti-AndInhIzonApartmAnt-
1572,-kctACAsmi-AndmYImbEt-
1573,-mADR-dIrfaDR-duhirmi-
1574,-ItIzDAonliAmEnzY@skAvyufAlDArcGyuh@vdAnmi-
1575,-SifWndDAdcrbAtItwazlaktWtsYd-
1576,-SisAksidAdInokAnIGDAwIndo-AndDAmulYtSonInsogrYtli-D@tSikUd-dIstIGgwISDAkAlRAvsAmd@mAskh@GIGInDArum-
1577,-SiscD@tDAbEdwazgIldAd-AndsorICD@tItsimdD@tAvAkrInsAbWtDAD@t@vAprYvAtjEntAlmAn-
1578,-AmAGADRTIGzAn-wICSik@sthRYzwIDAspclkrIzAfIksAvsalAdsodR-st@ndIGanAk@bAnAtnIDAwIndo-
1579,-DIspRsAnwazrRdAlfAl-wIDowih@dgcntulUkfcrhIzfrEndzh@dCenjdhIzmYndInD@trIspEkt-natTIGkIGIt@dvYzAbAltuAkwentDEm-bAtwAth@dp@stbItwinhImInDAgRl-
1580,-anDAkantrErihirizalvdtutElDEm-D@trIpEntIGAvhIzvYAlIGz-AndmuvdbYAtErsih@donlik@ridhRh@fwetAwcrdzIzhWs-AndAndlEtRgo-
1581,-CokIGwIDAmoSAntlukedyA-medAsYntuRpErAnts-D@tSiwIStubiAlonlIDEm-
1582,-D@twUdbivEriwElmYCYld-rIpYdAvfaDR-Ifycrpl@nwRnatlYAbAltubifrAstretAdbYcrdAnErRikAnIG-YtnotWtDIsImISh@dbInclrEdimIstbYhIzonR-AndhiwIlh@vsEtItdWnfcrsRtAn-D@tItwaztekAnWtAvDArumbYDAprEsAnthilaktApDEr-
1583,-wAtyuh@d-bEstdumYSYl-IztukipIt-AndpretuIt-D@tsInzItwazAwItnAs-tuycrAnduIG-ItwIldentuDEndAkeCAlkaz-bYsrYCAsjACmAnt-
1584,-DAstUdDAhyumenAndrYtmYndAdfaDRkAmfRt-hIzAnh@pidctR-AndhRmADREmbresIGhRAgEn-ItclSitkUd-tusuDAfilIGz-
1585,-SiminwYlbh@zthRlYfwIDhRpErAnz-InDAstrIktAsturItYrmAnd-nEvRlEtIGhRsElfbisin-bAtSAnIGEvRiYAlIstIdSUdrEdhRmIsfcrCAnInhRfes-
1586,-tYmroldan-DAWRAlvhRdIlIvRiRYvd-ItUkples-IndDAatbostsikrAsi-homADRtekIGApanhRDAcfAsAvmItwYz-@zSigepbRTtuhAzsAn-wAtAvDAmostbyutAfAlEvRsi-
1587,-EnDAbOwcktuIDAstrits-blEsIGzwazSWRdApanhIm-bYclhuschIm-blEsIGInApanhIzbyuti-ApanDAmADRDAbcrhIm-ApanDAfaDRdApigathIm-ApanDozhubrcthImhatsowEl-
1588,-wAndewEnDAbOwazsEntbYhIzgr@ndfaDRwIDAmEsAjtuRrileSAn-hip@sAlcGAstrit-AndwISDowazAgretkankcrsAvhcrsmAn-
1589,-DAbEdSituwElrImEmbRdwazDEr-AndAbAvclDAk@bAnAt-anwICh@dstUdDAImAnSih@dtekAnAwe-wazstIlanDAsemspat-
1590,-luAswazWtAvdenjRInAfcrtnYt-AndAmAnTirozfrAmhIzbEd-AndruIGclD@tYm-hiwazvIzAtAdelibYhIzmADRAndr@ndmADR-AndtritAdbYDAm@strAnmIstrAsAvDAhWs-@zIfhiwazDEronCYld-
1591,-DAseIG-AndprEsIGDAkrusAvfIkstuhRbrEst-SifElfentIGIntuDAarmzAvdanYIztufanyA-huh@zAjEntAlwUmAn-tuhuzsIkspYtAsAndn@CRAl@zkrultiAstum@n-InstAntliprEsthRlIpstuDozDAfentIGgRl-SAtIGovRhRsomEnitErz-D@tDErnidAdnoADRspIGkAlIGAvwctoturAkAvRlIokediAfrAmhRsul-
1592,-Yh@vkwitTIGztutElyusinycr-sEdjcnIztufYnyAtuhRhAzbAn-DAkrimAndsAbstAnz-AvwICIzDIs-DAfentIGgRlbIfcryu-IzycrdctR-AndAbO@zyugr@ndsAn-
1593,-DIstruT-wICYh@dlRnIdfrAmhRlIps-IzkAfombYhIzfes-InwISwih@vboTbEhAldD@tAvYRsAn-
1594,-jAstDErlIkediAkemtuhRsElf-AndEmbresIGDAkrcs-simCenjdIntuAsiAvtErz-AndDAjEntAlmIn-rImenIGInAtRbiwIldRmAnd-AntIlhIzwYfh@drIpitIdtuhIm-frAmbAgEnIGtuIn-yokedyAsholstcri-AndhibIlivdIt-TruDAblEsAdIspAnseSAnAvhEvAn-wICh@dkAnfRmdIt-bYsomEnikAnvEnsIGtEstAmAnz-
1595,-sopRswesAdwRhRAndtritiz-AndsostrcGriSUrAnsIzD@tnoharmwAtEvRkUdrisAltuDEm-frAmDAInflAmeSAnSisct-DewRnjuztUkAnfEs-D@twAnsAmRznYt-DAsemSih@dvEnSAn-AndsclvzAndAnADRfrEnd-biIGWtanDAstrolwIDhRdafAl-Deh@dbInkAnsRnInDAdAkSAnAvAgRl-humrAdalfAlk@rmidcf-wYlzDArEstAvDEmtutendhRf@mAli-humedAgretWtkrY-AndwUdh@vdIfEnd@thRfDekUd-
1596,-fRrgatsekmYledimADRgIvmiAwYfwuwUdbi@nAgriAbAlkAmp@nyAn-natwAn-ruwUdIsgAstmisAD@twi-meboTbErivAnliAndwIDmyuCAwAlgUdwIl-tuyokAmpozsAnAsbYhEd-h@zsEdApUlIGDIsweAndD@twe-AndfrEtIGyuCrADRtudET-
1597,-hRbErIGwazgresfAl@n@nAmetAd-SilEdhRsAnbYDRh@nd-AndbIfcrhRwcktumedz-wUDw@kslYdsAnsIlvAk@nAlstIks-
1598,-clroztu-duhRrEvRAnz-@zAsAmTIGfrAmhEvAnh@dmRr@kyAlAsliApIrdbIfcrDEm-bAtgesIGanR-Andtr@nswID@dmReSAn-natwAnAvDEmwazebAltuAdrEsAsIGgAlwRdtuhR-
1599,-SirAflEktAd-hWnIrSistUdtuDAkrYsAz-wICwaztudItRmAn-wID@zSiwaztubiblEscrAnh@pifcrEvR-Andr@ktbYDAIntEnsAtiAvhRImoSAnz-SSisAdAnliCenjdkAlR-hRh@drapt@zSifElfcrwRdInAswunIntuDAarmzAvDAdIsmedAztufanyiA-
1600,-hIzmADRh@dlEfthRtuhIm@zbiIG-hRdEstInkrAtEktR-AwEnShiscD@thituwazInsEnsAbAl-SiwaznIrmekIGATRdAndwUdh@vdAnso-h@dhinatkAmtuhImsElf-
1601,-noDEn-sAnAvmYhart-D@tDIsfentIGlediIzycrmilbrYt-Yseril-bIkczSiIzDAwAn-humyufaDRAndYh@vCoshImfcryu-AndApcrtrAnt-wazApritAnz-
1602,-jAst@tAmomAnt-wEnDAtErzAvDApItIGDAholdIzflodf@stAst-AndDErwRj@kyAleSAnzwElmostIksprEsIvAvdIspEr-liAkediYgetAsYnzAvrAkAvRi-Andbrctb@kgl@dnAsTcuDAhartsAvcl-
1603,-wEnSikemturIsEnsAz-AndblASIGtufYndhRsElfAnrRdalfwazarmz-wUdh@vdIsEngeShRsElf-nosIdnyRA-hisEd-D@tmAstnatbi-strYbnatuAdrcfrAmDAhAmz-AvhImhuholdzyuInAzso-
1604,-DIswazgAn-fcrDAIvEntUkles@tAtYm-wEnDAkAnsEntuDApartAszwazsAfISAnfcrDAsElAgreSAnAvAmErIj-wITWtEniAvDApIlimInErifcrm@lAtiz-wICarnWAsoprapRlirikwYRd-
1605,-ncrlAswRgcfAlEsRprYzdDEmde-AndDAbEtRtuASUrhImsElfhosowAndRfAlIf@kt-hibEglokedyAtugIvhImsAmtokAn-wICSUdmekpRfAktliklIrdtuhIm-D@t-wICIndidhidIdnatdWt-sInsItwazATEntAketAdvYIzp@nts-
1606,-yunok@ptAnlek-
1607,-sEdlcrdCElvRd-AdrEsIGmi-
1608,-hih@dhIzh@ndanlekSoldR-
1609,-DearkAzAnzyuno-wiarclkAzAnz-
1610,-wAt@vRlcrdCElfRdsEd-mIsbrEndAndrAsivdItvErigreSAsli-AndivInwIDAmomAntErismYl-
1611,-bAthRgritIGtuk@ptAnlik-wazmcrD@nyuZAwAlihctiAndfrozAn-AndhRfiCRzYf@nsid-partIkyARAliprWdAndpel-
1612,-@tInRlikwaz-iziAndAmyuzIG-
1613,-YmglYdyudlYkItsEzwYldR-CAklIGbInIGgnAntlianIt-ovRhIzSoldR-
1614,-YbIlivYh@vAlItAltestD@twe-Dozarclrilyuno-DozjuAlz-
1615,-AndhiplestAdInD@tjEntAlmAnzfIGgRz-hunWtUkhIztRndDAlImp-AndkYnsAmpletAdDAlItAlpEAlElAgr@mwIDAglimAvslYAmyuzmAnt-
1616,-YwazTIGkIGItsvErilYkDAesApharts-@nsRdDAk@ptAnscftlismYlIGan-
1617,-wErApanlekl@ftkwYAtli-stIlUkIGanDAesAvhartswIDhIzslYYz-
1618,-AndwYldIl@ftu-mcrsAdAnliAndnOzAli-D@nDAhyuRAvDAjoksimdkwYtukclfcr-Andgl@nstAgrImwUkfrAmDAkcrnRzAvhIzYzAnlik-bAtDAg@lAntk@ptAndIdnatsimdtupRsivItAnd@ftRAfyusEkAndzmcrhih@ndAdItvEriInAsAntli-b@ktumIsIzdarTi-onlirImarkIG-
1619,-duyuno-lik-o-YrIlik@ntEl-bAthilsumtYRAvkAntrilYf-
1620,-hiznatAm@nfcrkAntrikwcrtRz-
1621,-Yh@vhcrAdrimAbWthIml@stnYt-D@t-
1622,-oYno-D@tsmcrnbr@ndAn-
1623,-coDAtYmhiwaztckIGtumi-Iz-enrilItAlYzwRfaloIGlik-
1624,-mIslekdIklYndDAk@rIjtunYt-
1625,-Andhi@dAdsAmTIGstIl@skamplAmEntri-
1626,-bAtdonkDizvEriwYzTIGzsAmtYmztRndWtvrifrulISli-
1627,-InDAmintYmYh@dfcrmdInyuYdiAvhR-
1628,-YDIstYmbcrCElfRdAndwYldRrItRnd-And-dIsgAstAdr@DRwIDmYsElf-YrumAnidAdanmYwant-AvjEnRAlSIp-
1629,-AndhimedAlItAldIpAvhIzkIGtAwcrdzbrEndIdhcl-ovRhizSoldR-
1630,-yEstsoDes@d-bAtD@twUdYTIGkh@pbInwRs-
1631,-IfcrvfElozbInAlItAlbItwYldhiIzbicldzAbAvItwAns-
1632,-pr@ktAnzAvErigUdfElo-Yk@nASUryu-
1633,-YdontnomYmk@ntsehWyufYndjEntAlmAntufYndwItIdnAs-onli@z@nAbskyUrfimel-YspikAkcrdIGtumYlYts-AndhiIzjEnRAliTct-DAwIkAdAstm@nInDIskWnti-
1634,-wYlyunoredi-wInIn-lYkwIkAdfEloz-ItIzkantr@sYsApozbAtDedu-@dYmSUrfrAmwAtbraktAnh@zsEdtumi-YnohImIntImAdli-D@tdcrkIzlYksIm-AndYk@ntAnsivwYbiarnatmErid-
1635,-DErwckAntInyudsYlAntfcrDAgretRpart-niDRwazkwYts@tAsfYdwIDADR-bAtreCAlAtl@stsEd-
1636,-nWD@tsImpasAbAlredi-fcrYvrIlidontTIGYwAnsTctAvhImclDAsivnIG-IksEpjAstwYlbliwRtckIG-
1637,-DErwazAbrYtnunYt-brokAnbYDAS@dozAv-ovRhIGIGbWzAndwIDRlivz-AndDAmadAlYtsAndS@doz-glYdAdadliAkrcshIzpElfiCRz-
1638,-dontInsoldmist@ndlibYtckIG@dg@ntAjudIdDIsmcrnIG-
1639,wAtYseIzcltAgEDRanycronAkWnts-
1640,-markmYwRdz-yulfYndhImtustrcGfcryu-YAndtudip-
1641,-Y@mvEri@niziAbWtItwUdEvRItIz-Yk@nthElpIn-
1642,-tumYmYnd-DErIzclwezbInsAmTIG-InIksprEsAbli-afAlInf@mAlifyuz-
1643,-DAmIstRiAvDErcrAjAn-DErkAp@sAtifcrIvalvIGlitAnf@kAltizAvkrYm-AndDAstAdibYt@lAtiwIDwICDesRvYvDAhRs-AndspikDErdipAtmWDmAlIgmAtizInEvRinubcrnjEnReSAn-h@vAsositAdDEmsAmhWnmYmYndwIDAspElAvlYf-IksidIGAndIstIGkt-fcrpyumAnAndDAspESAlsit@Ik-@kSAn-
1644,-DAflcrmcrD@nEniTIGWtSodDAgretejAvDArum-
1645,-mYb@dwazAnIksEpSAnAlblikAmfRtAbAl-At-InmYD@tmud-YkUdh@vwIStItAgretdilmcrmadRn-
1646,-ItskartAnzwRAvTIkAndfitAdt@TAstri-
1647,-clDAfrRnIACRbIlcGtuADRtYmz-
1648,-YS@ntrAbAlyuAbWtmYtrenAvTctscRf@nsiz-bAtYbIg@ntufilvErRilYkAjEntAlmAnInDAgostcri-waCIGIkspErmEntAliInAhcntAdCebR-
1649,-YdIdnativIntekDAprikcSAnAvsmokIGApDACImi-
1650,-YbUldlilYtAdmYtrut-
1651,-AkoldbrYtmunwazSYnIGwIDklIrSarplYtsAndS@doz-
1652,-DAsambRoldtriz-AjYg@ntIkhRsplumz-bl@kAndafAl-
1653,-sAmhWYh@dgronRvAs-
1654,-AlItAlbItAvpl@stRtAmbAldanDAtImi-AndstartAldmikAntWndAdli-
1655,-ItwaznatvErimACp@stIlEvInD@tmcrnIGwEnDAponik@rIjfrAmbr@ndIn-druApbIfcrDAlItAlgardAnwIkAtAvrEdAmAnzfarm-
1656,-wYlSiwazbEtR-DoSih@dh@dAb@tnYt-
1657,-soDErkemAstAk-AndAlItAlrAsklIGAvfEmAnIndribriz-DAsmcldcropAnd-AndreCAlEntRd-wIDhRh@ndIkstEndAd-AndApelsmYlAvAlkAm-
1658,-wImAnk@nhYdDErpetInbEtRD@nwimEn-AndbErItDEtWRtu-IksEptwEnSemdrapsfYRIntuDAdrAEdfAlC@lAs-
1659,-bAtpUriCAllik-h@dmcrD@nD@tstoIkAlhApakrAsi-wICEnebAlzDAtcrCRAdspIrAtsAvhRsEks-tulYftApelfestTwcIDAflemzAndsmYl-
1660,-DIstr@nzi-sprIGAndlYtIGApWRbyutAfAl-Agl@mRbIgYlIGWRsEnsAz-
1661,-DErwazsAmTIGAvswitnAsAndfandnAsInhRtonzAndm@nR-wICwaznudAriCAl-AndkAmfRtiG-AndSirItRndDAgritIG@zkYndli-AndfEltmcrlYkhRfcrmhRsElf-
1662,-reCAlzpelAndSarpAndfiCRzAndYtlidIdY-strAkhRwIDApinfAlsRprYz-
1663,-yuh@vbInso-elmYpUriCAl-
1664,-IlAndtrAbAldIr-trAbAldInmYndAndmIzRAblinRvAs-
1665,-pUriCAlhRneCRrikOldfrAmdIsit-AndSitold@tclIvEnts-@zmACAvDAtruT@zSidErd-
1666,-SispokwIDAsAdAnEnRji-wICpartUkAvfyIrAndp@SAn-AndflASthRTIGCik-AndmedhRlIGgwUdYzfl@S-
1667,-TIGkyureCAl-mYkAzAnreCAl-mYonlifrEnd-
1668,-S@lfRth@dAnotfrAmDAstRwcldoDIsmcrnIG-AnADRnot-hIzkAmIGdIled-AndsAmTIGAvhIzh@vIGtusisAmpRsAnhuwazAbrcdkAntInyudcrkAs@ftRAlItAlpcz-
1669,-yEssAmTIG-EvriTIGsEdreCAl-hRidlilUkIGfrWnIGli@tAflWRwICSiwaztwRlIGInhRfIGgRz-
1670,-yEssEdreCAl-
1671,-AndDAwancrAkAl-h@vIGspokAn-Sis@tdWnInDAsemscrtAvAbstrAkSAnAgEnbIsYdcrkAs-AndSilUktfulInhRkAzAnzYz-
1672,-AvmarkwYldR-YsetDIs-hIznemh@zbInfcryIrzhetfAltumi-AndrisAntliIth@zbIkAmfrYtfAl-AndyuwIlpramAsmisImpliDIs-bYkyuwIlnAvR@skmituspik-AgEnAbWthIm-
1673,-ItIz@n@ntIpATi-And@ntIpATiYk@nakEtovRdIrdcrkAs-yumeTIGkItAm@tnAs-bAtdontblenmi-
1674,-Yh@vErifyutulAvminW-AndYTct-yumYtlAvmi-@z-Yh@vbIgAntulAvyu-
1675,-AndSiTruhRarmzrWndhRAkAzAnznEk-AndbrivReCAwAl@tl@st-bRstIntutErz-
1676,-dcrkAs-InhRstrenjwe-waznovd-
1677,-YlYkyustIldreCAl-YmSUrclclwezlYkyu-
1678,-yurIzEmbAlnireCAl-yuarfIrlAs-AndInflEksAbAlAndjEnRAs-
1679,-yEsreCAlYduvAvyu-
1680,-TIGkyudarkAstIr-
1681,-hibIg@nAkAnfyuzdkAmplentAgEnstDAwIzRd-huh@dv@nISbIhYndDAkRtAnanDAlEft-
1682,-kIvnatsoRnAstAmYndtubizmAmRizCYld-
1683,-AgoldAndfcrCAnAndAh@pidlYf-
1684,-hiwazlYkAntumYfaDRIndAwe-AndyItwaznatmYfaDR-
1685,-clsoDErwazAstrIptlIGpej-hutRndItuAmed-
1686,-DIswazsoswitAledisR-AndInsAm@nRYduTIGkSidYd-
1687,-bAtDEnDApIkCRwazgcn@zkwIkli@zIkem-
1688,-sIstRnElduyuhirADizAnlavAlz-
1689,-tekycrplizEdlEtAsiwIDAkrIspAlk@nSotuyu-
1690,-lYkIznatyAGm@stR-DoY@m@noldm@n-
1691,-fcrTwIDclr@ntuDAopAnIGAvDAtEntAsiwAtmYtbiAmIs-bAtm@stRwIlhupiptWtfRst-nidAdnomcrD@nwAnAgl@ns-
1692,-higevlituDADRzvErirEdAliAndritritAdAnpRsivdbYDAskwYrAndmIstrAsfItsuTtuDArIrAvDAtEt-
1693,-krYzAv-AnatIGh@mAnatIGhIm-
1694,-bIfcrDEmflEdDAstrolRAndhIzTrisAnz-k@pAlAsAndtErAfYd-
1695,-wAtIzD@t-tAmAltAndrYAtIG-krYdWtDAskwYrATcrAtetIvliAndhiblutwYsanDAsIlvRwIsAlwIChAGAdhIzbIlt-
1696,-newivRIfrimzDerIkwEstmostpAlYtli-mostnuAbAlsEdDAlItAlstrolR-
1697,-AndDEnlebIkIGvEkst-AndwUdh@vsn@SturRpRsfrAmAs-
1698,-YkUdnatsinmYbOInjRdEksAlAnsfcrbAtduIGhIzdutiAswAnAvkAmbRAlAndsAnz-
1699,-sobYdIdpUStDIsfIlo-
1700,-It-Iz-inAv-sEdrcrjgemwElSarpli-@zhitRndApanDAkrWd-
1701,-SimanyusItAzAnzkrYdhi-YblASwrmYfIlozAvnatIGhIm-
1702,-SUrtliwik@nsAbmItwIDgUdgres-
1703,-tIzfYnfcryudAtckoldm@n@nsRdDAlinsolAnAprIntAs-
1704,-bAt-YrEsAldwIDIsfElo-AndunoD@thipledanfErliInDAsEkAndbWt-
1705,-spokDAskwYRlusIGclpeSAnt-AndItwaztuyuD@tYgevAnDADErpRsAnkansAleSAn-
1706,-kAmtumimEn-hirhir-hirezdhIzvOsdAlWtR-
1707,-DAstrclRztUkDErpartAnItwIDhardizEstnW@tDeh@dsAmC@nsAdmitIGcfDErfoz-
1708,-rabAtInDAlItAltAmplRbItwinDEmtrYdtufcrsDAskwYRdtust@ndb@k-AndvEriv@lIGlEtIdDiztukAmpcrtDEmsElvz-
1709,-DAhEdAnCifAvDArYAtDAnadIGhImDAprIntAs-wIDkwEnCfIstsTrEtAnmonfikIt-
1710,-DAskwYrhElptATrAsDAmalInAndEntRtswIflihImsElf-
1711,-nWbisYlAtanycrAlIvzhibIg@nbAtDAk@pCRdAprIntAsEtAp@nInstAntCWt-
1712,-sYtlAnsyunevkrYdmanfiSe-
1713,-hifEltfcrAnfWndDAwIsRdzbl@klcT-DAskwYRwazkwYtWtAbrET-
1714,-TrAstIGopAnDAprapREntrAnsAvDAtEnt-rabAnsAdAnlirAStfcrTwIDhIzbRdAnwIDAgretSWt-
1715,-cmofikEtAmokbiSe-gemwEltuDArEskyu-
1716,-tekIG@dv@ntIjAvDIsDAskwYRzTyumEnridAbAldDErEfRtsAndAndkRijbYrabAnzInDAlItAlstrolRzkrYz-fcDErweduhAm-
1717,-jcrjwontfikItwIlnEvRfRgEtDIsde-
1718,-wAtIzycrnemlcrdIG@skDAlItAlstrolRprEzAntli-
1719,-rapAnfItsuf-
1720,-AndmYndIzwIlstApli-S@lwibikamr@dz-
1721,-rYtwIlIGlifcrbItwinAswih@vwAnDAbEtAl@nsRdrabAn-
1722,-Yh@dlYkyuwIl-yuarDAsEkAndwIlD@tYh@vmEtAnlYtwIDIntudez-IzDErIzsYnAnD@t-
1723,-manTfiSekcldWtfcrabAntugIvhIm@narm-
1724,-frEnz-sEdmantbiSefentlituDArEstlRz-bErAs@skcrtsofar@DASUrAvshWs-
1725,-ItwIlnatbisefcryutustehirnW-
1726,-prefaloAswIDmYndIndmYlcrdCErAvsmEn-
1727,-natIGhImk@sAlwazriCt-AndInmItAntswazdIm@ndAd-
1728,-m@stRmansoDASErAvAvnatIGhImwazmYtAlipUtAbWtwEntoldAvDArYAtIG-
1729,-AndhEnrimYtrItRndtuIGglAnd@tEnimomAnt-
1730,-h@vycrwIlCYldIfDAbOIGclsowIlsItAn-matbiSe@nsRdfilIGtuIltwIlpozEniTIGvEristrcmlijAstDEn-
1731,-himed@nEfRtuhYtIzkAndISAnfrAmDEmcl-AndrabAnfElthIzfIGgRztYtAnApanhIzarm-
1732,-bEgGmiArumAvDASErAvCYldkwIkli-
1733,-bAthuIzDIsfEloplAkIGItrIstiv-
1734,-hIzmYEskwYrEksAlAnsirItRndrabAnwIDdIgnAti-
1735,-mIstrAsfAtuTh@dbInk@ridcfbYDAsSErAvsdctRIndhRmedtusun@zDeh@dEntRdDAhWsoD@tbrabAnAlonh@dDAkErAvmatbiSem-
1736,-rapAnwazgl@dwEn@tlEGkDewRlEftuDErondIvYsAz-
1737,-DAwYndIdsRtAnlibrIGb@kDAkAlRtuDAskwYRzCiks-
1738,-DizEskApInkAtsarnatfcroldkemwIlEd-hIzdeh@zkAmtutwYtlYt-
1739,-wIlyufRgIvminW-
1740,-ItIlbinodIsApOntmAntumi-
1741,-noT@Gks-Y@mgl@dtugIvyusACizih@pinAs-
1742,-yuarwRDAliCwIlprEzAntliwIsprikrapAn-DAwYnth@zwRktAmarfAl-
1743,-YAnSoyusAmprItitrIGks-
1744,-yAGfItsuTh@dbInkAm@ndAdtuhIzmADRzCembRsosun@zhih@dkAmWtfrAmhIzkanvRswIDAskwYr-
1745,-DErbifElAn@GkSAsIntRvyu-mIstrAsfItsuTaryuIGfcrAnAgEnstDAskwYRzprajEktInDAbrET-
1746,-mAsth@vclrabAnTctAvhIzfaDR-wAtwUdhikWnsAl-
1747,-IffcrAwImyurbEgRyRsElfYk@natsteyu-
1748,-bAtekItwElstYlYv-AndwErmantfiSItzSioldInDAdezwEnmYzk@nbirijOsbYsobrevAsYt-fcryuwIlnErRdIsgresaRstACAnYwcInmi-
1749,-DAl@tACEktAmD@n-
1750,-nEvRD@tsR-hih@dsEd-
1751,-hiwazIndipkanvRswIDAklRkAndEntRdDAhclholdIGhImbYDAarm-
1752,-nWtubEdbO-
1753,-tIzlet-AndYgomYsElfwID@nAScrtsbes-
1754,-dIsmIsyRskwYrrabAnh@dbIdmikUdiIn-
1755,-@zEni@nIGglAndYwUdse-sEdkemwElpradli-D@tIz-InhIzde-
1756,-yEthiwIltidyuAfyutrIkswEnmcrnIGhIzkAm-
1757,-DErwaznoC@ftcltRhIzlipIGrumtuwAnIrRtugemwElACembR-
1758,-prEzAntlihikrcsDAflcrAvhIzrumwIDdIsYdIdstEp-
1759,-wIlkrYdhiscftli-AndstAtlihuh@dCozAthIzkWntrAkrcsDAdcrAvhIzyAGm@stRCembR-spr@GAp@twAns@d@nsR-
1760,-wiwIlgoWtAgEDRtuDAbWR-DErIzAwedWntuDAkcrtfrAmYwIndo-
1761,-rEstAndbistIlAntIlYwcrnyu-
1762,-DAWRzp@stwiarlibY-AndwuvmAntkUdyEtbihRdAbWtDAhcl-
1763,-@tl@stclwazkwYAtAndbl@kIndDAkcrtyartAvgemwEl-
1764,-wIl-wIspRdrabAnopAnIGhIzdcr@zhispok-aryurEdi-
1765,-DeDEnrInudDErjRniAndAndRDAbEtRlYtmedAsevkrcsIGAvDAstebAlrufs-
1766,-rabAnEntRdDAhatdr@kIGDAnwIlIG@skwYR@ftRhIm-
1767,-binatsofulISfrEndsEdfIfTuTkrcsli-
1768,-DemuvdDEr@ftRkcSAsliAbWtDAhAt-gropIGbIfcrAnAbWtDEmtufYndsAmTIGtuSoD@tDAwcrAntAn@tfUlfIldhIzmISAn-
1769,-DewRApanDAvRjAv@nopAntr@pInDAfarkcrnRAvDAhAt-AndstAntlih@dtrIptovRDAEjAvDArIvRstfl@pmWDAvDIspIt-
1770,-vItuTsh@ndrEstAd@tl@stApanDAtaprcGAvAl@tRAndstloliDAtruTkemtuhIm-
1771,-rabAnkErfAlidIsEndAdDAl@tRAndfWndhImsElfsunApanfRmbrakhigrWnd-
1772,-stAnliwazbYhIzsYdInDAfl@SAndDEnDeboTbIg@nfilIGAbWtDEmtu@sRtenDASepAndkErIktRAvhIzfclt-
1773,-frAmDAbl@knAsbIhYndDAlYtDehRdAvOs-wcrAntAnz-
1774,-sefmim@stRzbAtyustartAldmirErli-
1775,-krYdhiwevIGDAl@nTRnbIfcrhImtumekCUrD@tDizwRnogosAnfrAntAvhIm-
1776,-InkwYRdrabAnwIDhIzsAspISAnstIlApanhIm-
1777,-trulisACAhcrswUdbiwRTmACAndnatIGhImfEr-
1778,-nenidlcrdIG-@nsRdwRAntAnwIDAh@fl@f-
1779,-wcrAntAnspokDAswIDsAdIfIkAns-tuSorabAnD@thiwaznatuT@GkjEfRizklemztuDAIstetwUdbip@stbY-
1780,-rapAndfItsuTscD@thIzdWtsAvwcrAntAnh@dbInanfEr-AndhibIkemISemdtufIntsElfcrharbRIGDEm-
1781,-hIztonzr@GplEzAntlianwRAntAndzIrz-AndfcrTwIDAgUdfEloSIpwazhErAldItbItwinDEm-
1782,-DAoldsRvAntoldhImkwYAtli@zDekrEptb@ktugemwElD@tDIsp@sAjwelEdfrAmDAhAtAnDAplEzAntstuSUrwUd-AndD@tjEfRifcrDAtYmwazhYdIGwIDAWtlczInDAfcrAst-
1783,-hiImplcrsAstubidIskrit@szDAgrivAndDIsm@tR-fcrInsuThIzlYf@zInDAhaloAvWRh@ndz-
1784,-DerigenDerIpartmAntApEAntliwITWtdIstRbIGDAhWsoldAvgenwEl-
1785,-WtInDAwUdzstUdAnYslItAlfRtri-
1786,-DApleshih@dwazAvErigUdwAn-DAsAnSonanhIm-@ztufrESErDErwazInAfAvD@t-AndrWndhImdrumEnilarjsYzdkamr@dz-pYnz@zwEl@zfRz-
1787,-hidIdnatTIGkAvDAwcrmzsAnAndAvDAfrEnSEr-hidIdnatkErfcrDAlItAlkatAjCIldrAnD@tr@nAbWtAndpr@tAldwEnDewRInDAwUdzlUkIGfcrwYldstrcbEriz-
1788,-bAtDIs-wazwAtDAtrikUdnatbErtuhir-
1789,-InwIntR-wEnDAsnoleglItRIGanDAgrWnd-AdhErwUdcfAnkAmlipIGAlcG-AndjAmptrYtovRAvDAlItAltri-
1790,-uD@tmedhImso@Ggri-
1791,-tugro-Andgro-tugEt-oldhR-Andbitc-TctDAtri-D@t-@ftRcl-IzDAmostAvlYtfUlTIGInDAwRld-
1792,-InctAm-DAwUdkAthRzclwezkemAndfEldsAmAvAlarjAstriz-
1793,-DIsh@pAnd-EvRiyIr-AndDAyAGfRtriD@th@dnWgrontuAvErikAmlisYztrEmbAld@tDAsYt-fcrDAm@gnIfAsAntgretrizfEltuDARTwIDnOzAndkr@kIG-DAbr@nCIzwRlaptcf-AndDAtrizlUklcGAndbEr-DewRhardli-tubirEkAgnYzd-AndDEnDewRledIGkarts-AndDAhcrsAzdr@gdAvDEm-WtAvDAwUd-
1794,-h@vyunatnItDEmEniwID-
1795,-rIjOsInbYgrof-sEdDAsAnbimz-
1796,-AndDEn-wAth@pAnzDAEn-
1797,-YwUdfinoIfY@mdEstInfcrsoglcriAsAkRIr-krYdDAtrirIjOsIG-
1798,-Y@mnWtcl-AndmYbrEnCIzsprEd-lYkDADRzD@twRk@ridcfl@styr-o-
1799,-wRrYbAtcldrEdianDAkarts-
1800,-wErYInDAwcrmrumwIDclbAtsplEtAndRInmYgnIfAsAnz-
1801,-yEs-AndsAmTIGbEtR-sAmTIG-stIl-pr@nAdRwIlSUrlifalo-crwErfcrSUdDeDAscrnAmAntmi-
1802,-sAmTIGb@tRsAmTIGstIAlgr@ndRmAstfalo-bAtwAt-
1803,-riCOsInclprInzAns-sEdDAEr-AndDAsAmlYt-
1804,-rIjOsInmYonfrESyuT-
1805,-bAtDAtri-dIdnatrIjOs@tcl-higruAndgruAndwazgrinboTwInCRIndsAmR-
1806,-AndAwcrdzkrIsmAshiwazwAnAvDAfRstD@twazkAtdWn-
1807,-DA@ktsstrAkIndipIntuDAvEripIf-DAtrifEltuDARTwIDAsY-hifEltAp@G-AndwazlYkAswun-hikUdnatTIGkAvh@pinAs-fcrhiwazsarofAl@tbiIGsEpRetAfrAmhIzhom-frAmDApleswErhih@dsprAGAp-
1808,-hiwElyuD@thiSUdnEvRsihIzdIroldkamrAts-DAlItAlbUSAzAndflWRzRWndhImEnimcr-pRh@psnativInDAbRdz-
1809,-DAdIparCR-waznat@t-clAgriAbAl-
1810,-DAtrionlikemtuhImsElfwEnhiwazAnlotAdInAkcrtiardwIDADRtrizAndhRdAm@nse-D@twAnIzplEndAd-widontwantDADRz-
1811,-DErtuwRlarjiziCErz-sIlkAnsofAz-larjtebAlzfUlAvpIkCAbUksAndfUlAvtOzwIDhAndrAdzIndAhAndrAnsAvkrWnz-@tlist-DACIldrAnzhAndso-
1812,-DAsRvAnts-@zwEl@zDAyAGlediz-dEktRetAdIt-
1813,-DIs-ivnIG-DeAclsEd-
1814,-hWItwIlSYInDIsivnIG-
1815,-pRh@psDADRtrizfrAmDAfcrAstwIlkAmtu-UkIt-mi-
1816,-It-blezdApfemAsli-hElp-hElp-
1817,-krYdDAyAGlediz-AndDekwIklipUtWtDAfYR-
1818,-Astcri-
1819,-Astcri-krYdDACIldrAn-drcIGAlItAlf@tAm@ntAwcrdzDAtri-
1820,-bAtYS@ltElonliwAnstcri-
1821,-hWmbidontbifEldWnstErz-AndyEhimEridDAprInsEs-
1822,-D@tsDAweAvDAwRld-
1823,TctDAfRtRi-AndbIlivItcl-bIkczDAm@nhutoldDAstcriwazso-gUdlUkIG-wElwEl-
1824,-YwontrEmbAltumaro-TctDAfRtri-
1825,-AndDAholnYt-DAtristUdstIl-AndInditTct-
1826,-InDAmcrnIGDAsRvAntsAndDAhWsmedkemIn-
1827,-bAt-Dedr@gdhImWtAvDArum-AndApDAstErz-IntuDAlcft-Andhir-It@darkAkcrnR-wErnodelYtkUdEntR-DelEfthIm-
1828,-wAtsDAminIGAvDIs-TctDAtri-
1829,-AndhilindAgEnstDAwclcstInrEvRi-
1830,-tYmInAfh@dhitufcrhIzrAflEkSAnzfcrdezAndnYtsp@stan-AndnobAdikemAp-AwEnItl@stsAmbadidIdkAmItwazonlitupUtsAmgret-trAGksInAkcrnRWtAvDAwe-
1831,-tIznWwIntR-WtAvdcrz-TctDAtri-
1832,-hWkYndm@nyIz@ftRcl-
1833,-If-donliwRdctsodarkhirAnd-sotErAblilonli-
1834,-skwik-skwik-
1835,-DesnAftAbWtDAfRtri-AndrAsAldAmAGDAbr@nCIz-
1836,-Y@mbYnominz-old-sEdDAfRtri-
1837,-DErIzmEniAwAnkAnsIdRAblioldRD@nY@m-
1838,-DewRsoIkstrimlikyUriAs-
1839,-YnonosACples-sEdDAtri-
1840,-AndDEnhitoldclAbWthIzyuT-AndDAlItAlmYsh@dnEvRhRdDAlYkbIfcr-AndDelIsAndAndsEd-
1841,-sEdDAfRAtri-TIGkIGovRwAthih@dhImsElfrIletAd-
1842,-yEs-hEnri@lAti-DozwRh@pitYmz-
1843,-o-hiz-hAnpidonti-@sktDAmYs-
1844,-onliD@ktwAn-@nsRdDAtri-
1845,-It-IzAvEristulpAdzstcri-
1846,-dontyunowAnAbWt-bekAn@ntElok@ndAnz-k@nstuUthElEninlctRstcriz-
1847,-no-sEdDAtri-
1848,-DEngUdbY-sEdDArEts-AndDewEnt-homA-
1849,-@tl@st-DAlItAlmYsstedAweclso-AndDAtrisYd-@ftRcl-ItwazvEriplEzAntwEnDAsliklItAlmYs@trWndmi-AndlIsAndtuwAtYtoldDEm-
1850,-nWD@tuhIzovR-
1851,-wYwAnmcrnIGDErkemAkwantAtiAvpipAlAndsEtuwRkInDAlcft-
1852,-DAtrAGkswRmuvd-DAtriwazpUldWtAndTron-r@DRhardIthIztru-dWnanDAflcr-bAtAm@ndruhImtAwcrdzDAstErzwErDAdelYtSon-
1853,-bAtItwaznat-DAfRtri-D@tDemEnz-
1854,-ItwazInAkcrnRD@thile-AmAGwidzAndnEtAlz-
1855,-DAgoldAndstarAvtInsAlwaztIlanDAtapAvDAtri-AndglItRdInDAsAnSYn-
1856,-InDAkcrtyardzsAmAvDAmEritCIldrAnwRpleIGhuh@d@nstIkrIstmAsrWndDAfRtri-AndwRsogl@dAtDAsYdAvhIm-
1857,-AndDAgardAnRzbO-Capt-DAtriIntusmclpisAz-DEwazAholhiplYIGDEr-
1858,-DAwUdflemdApsplEndAdliAndRDAlarjbruIGkapR-AndItsYdsod-tipAli-
1859,-hWEvR-D@twazovRnW-DAtrigcn-DAstcri-h@d@nEnd-
1860,-kEnITIndbETrifrenfrAmdElIGDADRgRlzcrAGkAljanAvoldwIlrajRzvIzAt-bAtDegatmIstRwantsAnInDAlYbrEriAndkwEsCAndhInklosliAbWtDApInAltifcrfcrCIGAjEk-
1861,-ItwazAsIriAskrYmIndidmIstRwAtsAntoldDEm-AndtamgetsbedfErtusRvAlEGkDitRmInDAstetsprIzAnt@zAkansAkwAns-AvhIzrAS@kt-
1862,-Yk@ntsihIdInD@tlYt-sEdDAoldblyR-
1863,-ItwazAdIlIbRItsEftfrAmhIzEmplORztuprAtEktAgRlhilAvd-
1864,-bAtDekUdnath@vpruvAnAkesAgEnstlusi-IfSiwazInAsAnt-AndclDErTrEtsAvAEstIGhRwRprabliAmIrblAf-
1865,-hiwazsafthartAdAnImpECuAs-sEdbET-AndbiIGInlAvhidIdAntstEptukWntDAkast-
1866,-IfDAprasAkyuSAnwRdwIDdrcn-AndDAkesEtAldwIDAvIktAmAvDAfcrCCEk-D@nDAyAGm@nwUdbiAlWthIzfridAm-
1867,-bAtAndRDAsRkAmst@nsAz-YdWtAvsAC@nRejmntkUdbimed-
1868,-fErvyuztwElvmYlzAwe-bAtbYtEnAklakDedruAp@tDAk@lidrel-
1869,-DewRAsivdInDAlItAlcfhIzbYAm@nimarkAm-huwazDAjelR-
1870,-wiwIStutckwIDhIm-@nsRdkEnIT-tck-
1871,-YrAnIGfcrEprAzEntAtIvanDRApAblikAntIkAt-sEdk@nITkwYAtli-
1872,-hWse-D@tsdIfRAnt-AbzRvdmarkhIm-cltRIGIzdImitR-
1873,-Debisikets@twAns-@skEtIt-
1874,-DefalodDACelR-AlADIsAksESAnAvp@sAjIz-
1875,-sAmtYmz-YmD@tyRnInfcrAsmokAmnIrligreziAndnatRnowICIzwRsdYnwAnwErDADR-
1876,-hiAnlaktDAdcrIGkcld-hirzvIzAtRztam-
1877,-wRstYm-Rs@nErRrIplYdDACelRkAlIbAli-
1878,-mIstRgr@fsEdkEnITs-notAsIGDAbOzfeskrItIkAli-@zhistUd-wErDAlYtfrAmDAp@sAjfElApanIt-
1879,-sarolih@v@nEnicsEpSAnrumInDAjel-
1880,-sItWmplizsEdgetsInACIrfAlAndplEzAntvOs-DErIzApEnCIr-
1881,-AfrESolsAmlUkIGbOwaztamgets-wazstAdigreYz-@ndIntElAjAnfcrhEd-bAtAsEnsAtIvr@DRwikmIlD-
1882,-wih@vhRdsAmTIG-Avycrstcri-sEdkEnIt-AndarIntrAstAdInIt-
1883,-YdIdAntstaptuTIGkwEDRItwazfUlISUrnat-YdIdIt-AndYmgl@dYdIdIt-
1884,-oldwEl@zAfYnfElo-bAtpUrAnhElplAsInsmIsIzrajRzh@dhR@ksAdAn-
1885,-DEnratRzwEtAnduEniTIGbAtlidRRWndAndwetApanhR-AndDApleswEnturEkAndrulIG-
1886,-hispoksImpli-bAtpest-ApAndWnDAnErosElInfrEntAvDEm-
1887,-huznemdIdyisYndtuDACEk-@zkEnIT-
1888,-hiIzsApozdtusYnclDACEksAvDAkAnsRt-
1889,-@tsAstakAmpAniInrIC-
1890,-YwazbIkkipR-soItwazizitugEtAbAlIGCEkAndfcrCtDAsIgnACR-
1891,-@zrAgardz-mYrabIGDAkAmpAni-YlseD@tYsevdhImAhEvilcswAnde-
1892,-YdIskAvRdAndpUtWtAfYR-D@twUdh@vdIstrOdDAholplIt-pAtmRSAlnEvRivInT@Gktmi-
1893,-ItwazbEtRfcrhImtuTIGkDAgRlAndfilIGD@nh@noDAtruT-
1894,-YmgoIGtusimIztrImRSAlsEdkEnAtAndIskAvRwAtYk@ndutuAshIstu-T@GkIsR-
1895,-ItwontbimACbAtImgretfAltufYndAfrEnd-
1896,-helEfthImDEn-fcrDAjelRRYvtuAlakDAdcrAndAskcrtDImtuDAcfAs-
1897,-YsinlatsoD@tkYndAmYde-
1898,-AndItrunzAv@nzdhIzpAzISAn-
1899,-hilUktApr@DRAvgreSAslipAtmoSAnDEmtubisitAd-
1900,-sAmgRl@zbInInhirtwYstuIntRvyumAmEn-AndYh@vrAfyuzdtuAdmItR-
1901,-YmnatIlEkSAnIrIGjAzstnel-
1902,-o-wYlsRwAtAbWthIm-
1903,-AndhidIzRvzAtRmAntstetsprIzAnt-
1904,-ItIzkasmitwYsIkstidalRzInDAnOAts-
1905,-YlpeclDAkazbIsYts-
1906,-ycrfulISwYSUdyuduclDIs-
1907,-Yh@vmeonrizAnsmIstrRmarSAl-
1908,-gIvmiACEkfcrAhAndrAdfIfti-AndYltRndovRtuyuDAfcrCCEkAndkwasfRDRprAsidIGz-
1909,-hidItEst@dDAgr@spIGdIspAjISAn-D@twUdIndEvRtutek@dv@ntIjAvhIzEvAdAntdIzYRtuhElpyAGgets-
1910,-fET-Anizi@tAsYlAnsnACthIm-
1911,-DErwazAgrImsmYlAvAmyuzmAntanhIzSrudfes-
1912,-himYth@vh@dD@tfcrCCEkfcrDAfesAvIt-IfhidbInSarp-
1913,-AndtuTIGk-wik@nsevclD@tmIzRiAndIspEr-bYDApemAntAvAhAndrAdAndfIftidalRz-
1914,-so-tuDAsRprYz@tDAdEmAkr@tIkAmItiEnAlIzfrEndz-mIstRhapkInzAnIlsD@thiwUdApozfcrdz-AgrEsAvk@mpen-wID@nikwAlAgrEzIvnAs-AndspEnd@zmEnidalRzAnduIGso@zmYtbinEsAsEri-
1915,-wAnAvfIstRhapkInzfRst@sks@ftRkclIGhIzfeTfAlhInCmInRWndhIm-waztumekAkErfAlkWndAsAvDAvotRzAvhIzdIstrIktusiwAtwazstIltubiAkamplISt-
1916,-DAwiknidkAntEnjAnsimAstbistrEGkTAndAndfcrtAfYd-AndAkApAlAvhAndrAdvotsInwAnwecrDADR-sIkyUrdfrAmDAapAzISAn-
1917,-DAtEmAkr@tIkAmIti-fIgyRdWtAwetuduDIs-
1918,-AndRcrdAnErikAndISAnz-rAlAlzwazSUrtubiIlEktAd-bAtDAkAmItiprApozdtus@krAfYshImIncrdRtuIlYkapkInz-
1919,-DoonliTIGnEsAsEriwaztutfIksETrEnAldz-AndDIs-hapkInzRenjdpRsAnAli-
1920,-AndDIswazwYkEnATAntbETdIskAvRdhImkAnvRsIGwIDAyAGwUmAnInDAbAgi-
1921,-DAdIskrIpSAnSigev-AvDAkAmIGrIsEpSAn-tuDAwImAnzpAlItAkAlik-wazsohyumRAsAndIvRtIG-D@tDewRboTwEfIGhartAliovRDATIG-wEnDAyAGpipAlp@stDEm-AndDAsmIstRhapkInzfeldtunotAzhuDAakyApAnt-AvDADRvihkAlwR-
1922,-DizwImAnwRfl@tRd-bYDAtEnSAnAvDAyAGledi-Andh@dpramAstuAsIstAnIlEktIGbIstRfcrds-
1923,-luizhoptfcrEksAlAntrIzAltsfrAmDIscrgAnAzeSAn-AndwISt-DAEntRtenmAntubisoIfEktIv-IndwInIGDErgUdwIl-D@tDewUdwRkRnAstlifcrDAkazInwICDewRInlIstId-
1924,-DAfErvyup@ndwazEngejdtudIskcrs-@zmACharmAni@zItkUdprAdus-AndDAriscrsAzAvDAgrethWswRt@kstuEntRtenDAgEs-
1925,-tebAlzwRsprEdanDAlcn-AndDAdentipAtsAbs@nSAlrip@stwaztubisRvd-
1926,-DIswazDAfRstAkeZAn-wIDInAjEnReSAn-wEnsAC@nEntRtenmAnh@dbIngIvAn@nElmRst-AndDAonliwEn-wIDInDAmEmRiAvm@n-wErDAnebRzAndkAntripipAlh@dbInDAInvYtAdgEs-
1927,-DAtEndAnswaz-AnIkspEktIdlilarj-AndDAgRlzwRdIlYtAd-fcrsingretsAksEsfcrDErfYt-
1928,-wictuh@vmcrAtEntAnsbET-sEdluizAproCIGhRkAzAn-
1929,-wontyurAnIntuDAhWsAndsiAfmarTDAkWntsfErwAncrtumcrmedz-
1930,-SiwazvErifandAvDAyAGlediz-humSih@dnIldwEnIAtjenwazDErmIstrAzhir-AndbETwazhRspESAlf@vyuYt-
1931,-DAhWskipRlEtDAweAndbETfalod-
1932,-fcrAmomAnt-bETstUdstErIG-wYlDAnumedrAgardAdhRwID-kAmpoZRAndovslYtsmYlApanhRbyutAfAlfes-
1933,-SiwazdrEstInDArEgyAleSAnkansthumAvDAmedz@tElpRst-ApleIGbl@kgWn-wIDAwYt-eprAntAndk@p-
1934,-D@nSikevAlItAlWtAndrIplYd-nomIzbETYmoazAvITparsAz-
1935,-bAt-Itk@ntbi-prAtEstAdDAgRl-
1936,-YAtEndtuDAhWsholdmEndIGyuno-AndkErfcrDAlInAn-
1937,-hispiklYk@nEjAketIdpRsAnsEdbETwAndRIGli-wErIzycrho-
1938,-fcrDAfRstYm-DAmedsimdAlItAlkAnfyuzd-AndrIgezwandRdfrAmDAfesAvhRvIzAtR-
1939,-Sis@tWnInArakIGCEr-Andkl@spIGhRh@ndzInhRl@prakslolib@kAmfcrT-YbsaripsEdbET-
1940,-AlYsAvparsAnsSUkhRhEd-
1941,-fet-DEuksYtmiInsAvAliAndYk@ntbErDEm-yumAstIkskyuzmi-
1942,-SiivInsimdmYldliAmyuzd@tDAtEnSAnSiAtr@ktAd-
1943,-bETwazAbyutfAlgRl-DAhWnsmAsAvDATrikAzAnzbYfar-yEtAlYzAsRp@sthRAndnoCRAlCarm-AndsimdwElAwErAvDAfEkt-
1944,-hRm@nRwazniDRIndIpEndAntncrAsRtIvbAtr@DRwAnAvwElprEdkAmpoZRAndkamrilYAns-
1945,-hRYzwandRd-tuDAmedzh@ndz-
1946,-hWEvRhRfiCRzAndfcrmYtrIprEsEniEvAdAnsAvnRvAsnAs-Dizh@ndztold-AdIfRAntstcri-
1947,-SirozkwIklituhRfit-wID@nImpECuAsjEsCRD@tmedhRvIzAtRk@CcrbrET-
1948,-YvwISYnumYsElfSikrYdfIrsli-
1949,wIlyulivmiAlonimYonrumcrmAstYgolwetuIskepyu-
1950,-AlYzAklozDAdcrbIhYndRwIDAdIsYtAdslem-AndIkiklEktInDAlAk-
1951,-kankcrdwIDtRndtwItsplesAmIdsvAtEnts-
1952,-DAIGglISfotIdtuDAfrEnCb@skAtsAvflWRzAvwICDeh@dmedAplEntAbAlfrRvIZAntugritDARYvAlAvDAyAGprInsEs-DAfrEnCInrItRnInvYtAdDAIGglIStuAsApR-wICwaztubigIvAn-DAnEkstde-
1953,-kIngr@CAleSAnzwRpcrd@nApanDAprInsEsEvriwErduIGhRjRni-
1954,-frAmDArIspEktpenhRanclsYdz-SisimdlYkAkwin-AndfrAmDA@dReSAnwIDwICSiwaztritAdbYtucrTri-SiApIrd@nAbjEktAvwRSAv-bAtkwinmADRgevDAfrEnCDAmostAfEkSAnAtrIsEpSAn-fr@nswazhRnetIvkAntri-AndSih@dsAfRdtumACAnh@pinAsIGIGglAndfcr-IGglAndtuh@vmedhRfRgEtfr@ns-
1955,-SitcthRdctR-DEn-bYhRonAfEkSAnfcrItD@tlAvfcrAkAntriwErDeh@dboTbInh@spItAblirAsivd-AndwErAbrIlyAntfyuCR-opAndfcrDEm-
1956,-DekWnth@tDAronhImsElfb@kanhIzsi-liGIGhIzSoldRzAgEnstDApartISAnAvDAtEnt-AndrImendAs-hIzfes-bEridInhIzh@ndz-wIDhivIGCEst-AndrEstlAslImz-
1957,-DIsh@zIndidbInAhREsIGdekAntInyudDAyAGm@nhIzYzfIkstApanhIzfrEnd-
1958,-yuwIlbifr@GkwIDmi-YclwIz@m-
1959,-k@nycrIm@jAnlYbAkIGhImh@zbiGsofYAlAnt-YsAspEkt-
1960,-ItIzyuwRmIstekAnrolYh@vrEdhIzdIstrEsInhIzYz-InhIzEvRijEsCR@n-@kSAnDAholde-
1961,-Yk@npRsivlAv-klIlDiInAf-
1962,-Y@mkAnvInstAvwAtYsesEdDIkWnt-
1963,-ItIzAnOAnsDEn-
1964,-InDozvEritRmzYivInAh@dAdmcr-
1965,-bAt-kAntInyudrol-natIntrAptIdbYDIsmumAntAvhIzfrEnd-hEvAnbiprezdDAfrEnC-huarprAnWnstubiTctlAsAnIndIskrit-rEklAsivIn-arkepAbAlAvbrIGIGAkamAndsWndjAjmAntubElInm@tRzAvsAChYImpcrtAns-
1966,-DAs-ItIznatDA-hAnRAvTriIzsevd-AkAntri-arm@stRz-AndWron-
1967,-yEsYnidripoz-mEniTIGzh@v@jAtetAdmitudeboTInlYndAndbadi-wEnyurItRntumYoYS@lnolcGgR-biDAsem@n-
1968,-bYInDIsfrEndliprESRrOlkUdtItEktbInmIvAs@jAteSAnAvAgret-IntRnAlkanflIkt-
1969,-DAnYtwazklIrstarlAtAndsplEndAd-DAtEmpAsth@dp@stAweAndDAswiImfluAnsAzAvDAivnIGh@ndwRstcrdlYf-pisAndsIkyUrAti-EvriwEr-
1970,-ApandDAlarjskwErInfrAntAvDAhotElbAtSWdozAvDAtEntsInAsEktAdbYDAgoldAndmunbimz-fcrmd@zItwRASyujmuz@kAvjEtAndyElofl@gstonz-
1971,-brYgAlanwaCtfcrsAmtYm-DAklandAktAvDAtulAvRz-lIsAntuDAlWdAndAnsIvAlslAmbRzAvmEnAk@mp-husncrd@zImpIrAsli-@zDohiwazwerIGhIzbluAndgold-IzstEdAvhIzvYAlAtsut-
1972,-golYAsmeGksAnADRdIskAvRi-
1973,-DErwRsRtAnlinonIrDAsAluSAnAvDErprablAm-
1974,-DApUrlItAlTIGzkrYtsIntDATIGkAvDEmh@vIGbIntRndAvDAwclclDivyIrz-
1975,-nWwAtIzDAsEntAvIt-tuInAzItbebizlYkD@t-
1976,-bAtjOsh@dnatbInlIsAnIG-cl@twAnzSipUtWnhRk@ndAlanDAtebAlAndfestcrkAmp@nyAn-
1977,-bItwinbrADR-dIdsAmTIGSidontlYk-AndSitRndhIzpEkCRtuDAwUl-
1978,-hRzh@pAndtubianDAsemfremdtu-bAtSiEvAdAntlidiIGkErAbWtIt-
1979,-nWwAth@vyutusesIntDAsprWg-
1980,-YTctwiwRstAmptAgEnwEn@fRstsalm@tpEkCRbAtIt-smEnAvsAmyus@ftRcl-
1981,-duyusApozDAmInACRwazAkampiAvDAsemTIG-
1982,-wAtanDAwRld@zIt-kwIrijOs-
1983,-mewRIGmItErAbliAndbIsYdz-YdlYktusiwAtDIslAvlifrRnICRrlUkslYkwITWtsACkwantAdizAv-dAstAlovRIt-duItskimsun-
1984,-wIlkAmInhirDIs@ftRniwID-oldkloDzanInh@fRrEyAlcrhWsklinmIG-
1985,-ik@nthRdEniTIG-YmSUrfcrwiboltdIstRvTIGz@tcl-
1986,-DIsTcthWEvRdIdnatEntRDAhEdzAvDAInTyuziEstIkpEr-
1987,-IsmAGgAlInDAhWsklimIGpErAfAnilyAIntuDAsElRwIndo-AnAbzRvd-D@tcftRnun-pruvdnoizit@skfcrsInTiAh@d@dAdAwIskbrumAndAstp@n-tuDAWtfIt-
1988,-DAluRpruvdtumACfcrhImEnikemspcrtIG@ftRA@skfrIskAli@zAyAGkItAn-mACjAstsIntDiIzdIlYtwEnSikatsYtAvhIm-
1989,-olEtInkAmAlcGSiRjdYdilAvtusihImAbWtbEtoldhWz-
1990,-himeksItscrtAvkoziR-
1991,-vElAjdAstDAflRjRAnvpEkCRz-
1992,-yEt-lItAl@zItwazIth@dWRrEdimedAv@stdIfRAnsInDA@spEktApDArul-
1993,-sRfAsdAs@tlivzh@dbInrImedAndDAfYnoldfRnAjRktiAvAhImtAvItsrilElAgEnsAndpalIS-
1994,-D@nAndSisAmlirImarkt-
1995,-AndmYpakAntmEnihIzgEtIGloAgEnAndyuh@vAnt-EnilEft-@zyuZAwAl-
1996,-DeseIlumAneSAnbYk@mbAlYt@zDApriviAstInDAwRld-
1997,-wYItkUlwY@tDYsyuZAwAlDeboTkrYdpilIGIn-
1998,-IzAhiDAgretAsfcrgInIGIntuadkcrnRz-
1999,-fRgEtIGclDErwIriGnAstisizDErk@ndAlzAndstruitTruDAhWsfYnIGanAkeZAnAlpepR-t@ktAweAndsoadkcrnR-
2000,wEl-AndkAnfInst@tDAbcrdAdAphWsmIstRih@pAndnatRlIrD@n-eprAlsIkstint-etinsIkstiwAn-AndprablIGnatmACletR-
2001,-nowRdzwRspokAn-nol@GgwAjwazAtRdAndsevdWtAvwelIGInhIsIG-AndD@tsAmhWwazIndIstIGkt-@zIfIDIgzIstAdInf@nsiAndnadInri@lAti-
2002,-YhRdAnOzbIhYnd-YtRdAndsck@fR-hIzbl@kYzSYnIG-wYlInhIzh@ndhihEldAglimIGnYf-hilIftAdItAbAvhIzhEd@zIftustrYk-bAtYh@dDAstrEGkTAvtEnm@n-AndYhRldhImfrAmi-
2003,-anwR-sEdAdIstAntvOs-
2004,-nosWndbrokDIstIlnAsAvDAlYt-
2005,-DAstcriAvIts-ivAlInfluAnskemb@ktumiAndInmYbIwIldRtEndISAn-YwAndRdwEDRDErwaznatsAmtruTInwAth@dbInsEd-
2006,-wAtwazD@t-
2007,-wADEnAhyumInh@ndAlarjAndSepliApIrdIstIGktlianDAsRfAsAvDApand-
2008,-nATIGmcr-nativInDArIstuwICItmYtbiAt@Ct-
2009,-ItdIdnatbEkAn-crIndidmiD@tcl-Itwaz@zstIl@zDAh@ndAvdET-
2010,-Ylwol-tukanSAsnAsfYtIG-@tfRsthIzsimd@zIfYwazfYdIGwIDAf@ntAmbAtgr@CuAlimYAponIs-bIkemcriltumi-Itwazk@TR-
2011,-AsWndAvOsAz-Afl@SAvlYt-
2012,-AfilIGAvfridAmAndYwazAwek-wEr-
2013,-sEdInADRvOswICYrEkAgnYz@zAlCErz-k@fR-
2014,-Yh@dskErslinomwEnYh@dbInseIGAduIGAptuDIstYm-bYt@zhispokYlUkt@tmYh@nd-
2015,-InDAlYtAvDAmunYscnlYf-rEdwIDblAdAndmYh@ndtu-wazclsodIskAlRd-
2016,-YdunatnoY@mdezdbiwIldRd-
2017,-bAtD@tIzk@fRzlYf-
2018,-Ynohih@dAdDIsvEriivnIG-
2019,-YrEmRdseIG-h@vwibInDAgEDR-
2020,-bolCErpIktApsAmTIGfrAmDAgrWndAndlUkt@tIt-
2021,-Yse-yudunowAtDIsminz-AndyumAsthElAs-
2022,-AtErAbAlTctfl@StIndImYmYnd-
2023,-Yh@dAgEnbIn@ktIGAndRDAInfluAnsAvDIsm@nzpWR-
2024,-pRC@nstu-k@fRzdETmYtsRvhImIGgUdstEd-
2025,-mYtAGrAfyuzdtuaRtIkyAli-mYpWRAvspiC-ul@ftmi-
2026,-mYpAzISAnwaztutErAbAl-
2027,-mYovRrctnRAvzyildIdWtl@st-
2028,-fcrsAmtYm@ftRD@tYrImEmbRdnATIGdIstIGktli-
2029,-DATrimodzAvm@nAjmAnt-
2030,-tusApoz-D@tDAbjEkt-AvDIswRk-Iztu-ed-InAfEktIG-sAC-AsAbsAtuSAnIzD@t-IzIntYRlitumIstek-ItsneCRAndIzYn-
2031,-bYrizAn-AndAfEkSAn-
2032,-@zktDACestrYvzAwe-mErist@ndzbIwIldRdAndpRplEkst-anDAdcrstEp-hRmYnd-InA-tumAlt-AvIksYtmAnt-InwIC-hetrAdAvDAdaktR-dIstrAst-AndsAspISAnAvhRmADR-dIsApOntmAnt-vEkseSAn-AndIlAkyumR-sRj-AndswEl-AmAGDozdElAgAnt-crgAnAzeSAnz-anwICDAstrAkCR-AndDAvElApmAnt-AvDAsol-sokloslidIpEnd-duIGpRh@ps-AndArEpRAbAl-InjRi-
2033,-DAmADR-@zsun@zDACesIzsolfarAtRnd-D@tmErik@nolcGgRwaCDAIksprESAnAvhRkantAnAns-gozAwefrAmDAdcrwIDAsmYlAvkAmplezAnsi-AndsEnhIzf@kSAnanhRfes-@tDAInjAnuAti-AndsAksEs-AvhRlItAlartAvAs-
2034,-soyuwIlbiAgUdgRl-Yno-AndnatmekEnitrAbAl-bAtwIlste@thomkAntEndAdli-moldyu-
2035,-DAmADR-Inm@nAjIGDAkes-InDIswe-rilYzdpartli-AnkAnvInsIGDArizAnAvDACYld-Andpartli-an@nApildtuhRAfEkSAn-
2036,-IfyuSUdnatbiAgUdgRl-bAtSUdSosYnzAvmekIG@zEnitrAbAl-YS@lh@vtusEndyuWtsAmwErtuDAb@kpart-AvDAhWs-AntIlwiargcnd-
2037,-bAtDIsl@stapAzISAn-Iz-clmost-clwezAnEsAsEri-fcrIfmEri-h@zbIn-AbICuAlim@nAjd-anDIsprInsApAl-SiwIlnat-mekEnitrAbAl-
2038,-ItIz-Indid-tru-D@tDAImpcrtAnsAvt@kt-AndskIl-InDAtrenIGAvDAyAG-AndAvkAltIvetIGDErizAn-AndsIkyUrIGDErAfEkSAn-k@natbicretAd-
2039,-tusACpRsAnz-DizIntREktmotsAvtrenIGCIldrAnInh@bAtsAvsAbcrdAneSAntuDErwIl-cr@DR-AvyildIG-tuDErInluAns-arspESliyusfAl-
2040,-dElA-h@dAyAGsIstRnemdmRriA-AndAkAzAn-huznemwazjen-
2041,-nW-gEtlyA-kAntrYvtuAbtenAgretInluAns-AndAsEnAnsi-ovRDAmYndAvDACIldrAn-bYminzAvDizdalz-
2042,-tugIvAnYdiAvDizkanvRseSAnz-YwIlripcrtwAnAvDEmAndfUl-
2043,-yuh@vkAm-AndElA-AndElAwazDAnemAvjenzdcl-tumekrozAliAvIzAt-
2044,-Y@mvErigl@d-
2045,-YIkspEkt-yuh@vbInAvErigUdgRl-AndElA-sInsyuwRhirl@st-
2046,-DEn-tRnIGtujen-Si@skt-InAsAmwAtcltRtold-h@zSipIndAgUdgRljen-
2047,-fcrInstAns-wAnde-DACIldrAnh@dbInplenApanDApiapsA-wIDblaks-AndADRpleTIGz-AndfYnAli-h@dkcnIntuDAhWs-livIG-clDATIGzanDAflcrAvDApiatsA-InstEd-AvpAtIGDEm-AweInDErplesAz-@zDectuh@vdAn-
2048,-DewRnWplenwIDErdAlz-InDAparlR-
2049,-dElyAkIGtuDAparlR-AndwID@nErAvgretmIstRi-bEkAnDACIldrAnAsYdAndsEtuDEm-InAwIspR-livAndElA-AndrozAlihir-AndontseAwRdDEm-
2050,-soseIG-SilEdDAweantIpto-falodbYDACIldrAn-WtAvDArum-AndrWndbYAsRkuAtAsrut-tuDApi@tsA-DEr
2051,-sEdSi-pOntIGtuDApleTIGz-si-
2052,-pUtDizpliTIGzclAwekwIk-AndkErfAli-AndwiwIlnat-lEtDEmnoEniTIG-AbWtycrlinIGDEmWt-
2053,-AndDIsmETAdAvtriIGDAkes-wazmACmcrAfEkCuAl-InmekIGDEmdIspozdtuAvOdkAmItIG-AsImAlRfclt-AnADRtYm-D@n-EnidREktrIbyuks-crIksprESAnzAvdIsplEZRAdrEstpRsAnlituDEm-wUdh@vbIn-
2054,-neCRAvDAIfEkt-prAdust-bY-RliImprESAnz-
2055,-D@tIzkAmpErAtIvlinATIG-
2056,-DearCiflifcrmd-frAmkambAneSAnzAvDAImprESAnzmedInCYldhUd-
2057,-v@stImpcrtAnsAndInfluAns-AvDIsmEntAlfRnISIG-
2058,-wiTWtgoIGtuEnisACIkstrim@zDIs-wik@nizAlisi-anrAflEkSAn-hWv@stInInfluAns-anDAYtdiAz-AndkAnsEpSAnz-@zwEl@zanDAprInsApAlz@takSAnInmACUryIrz-mAstbi-IgzRtAd-bYDAneCRAndkErIktRAvDAImAjAzwIC-DApIriAdAvInfAnsi-AndCYldhUdImprEs-ApanDAmYnd-
2059,-DApenprAdust-bY@n@ktAvhesti-And-@GgrIvYAlAns-tuwIC-AfaDRsAbjIktshIzsAn-mesunp@sAwe-bAtDAmEmRiAvIt-dAznatp@sAwewIDApen-
2060,-bAt@ndRzkErdnATIGAbWtD@t-
2061,-himedAbWtso-dip-D@thIzb@k-kemnIrbrekIG-AndhiwazdAmfWndIt-Yk@ntElyu-wEnhiscItwaznobadibAt@ndRz-
2062,-hiwazsACA-bIgbO-D@thiwR-hYbuts-Andk@rid-Aj@ktnYf-
2063,-nW-DIsnYfwazAsAplEndAdwAn-Do-h@fDAblebwazgcn-AndDAh@ndAwazAlItAlkr@kt-@nd@ndRznu-D@twAnIz-clmostAm@n-@zsun@zwAnh@zAj@knYf-
2064,-yEs-wYnhAtDct@ndRz-
2065,-siIGD@tY@msofYn-Yme@zwElgoAndIzAtDAkIG-
2066,-Y@mgoIGtuDAkcrtbcl-@nsRd@ndRz-
2067,-AndSitUkAndRzh@nd-AndwcktwIDhIm-ApDAbRdmarbAlstErz-wErsoljRzwRpostIt-@t-EvRiTRdstEp-AndTruDAm@gnIfAsAnthclz-wErkcrtiRz-InsIlkAndvIlvAt-stUdboIGwErEvRhiwEnt-
2068,-fcr-lYk@znat-DemAsth@vTcthImAprIns-wEnDesc-hIzfYnk@p-
2069,-@tDAfarDREndAvDAlarjAsthcl-AtebAlwazsEt-wIDgoldAnkAps-AndgoldAnplets-InlcGroz-
2070,-anhyujsIlvRpl@tRz-wRpIrAmAtAvtarts-Andkeks-AndrEdwYnzparkAldIndglItRIGtuk@ntRz-
2071,-DAprInsAsEtdWnAndRAbluk@nApi-wIDbokezRrozIz-AndSilEtAndRsIt-InA-goldAnCErbYhRsYd-
2072,-bAtyumAstDatitwIDycrk@mpanycrhEdSisEd-AndwazgoIGtuDegEtcf-
2073,-DAprInsEs-sRtAnliwazbyutAfAl-AndhiwUdh@vdIrlilYktubikIzbYhR-bAtDAk@p-wIChIzmADRh@dmed-hiwUdnat-gIvAp-an-EnikAndISAn-
2074,-hionliSUkhIzhEd-
2075,-wEl-bAtnWsEdDAprInsEs-AndSifIldhIzpakAtswIDkeks-AndpUthRon-hEvidgoldCenRWndhIznEk-AndbEntdWn-AndkIsthIm-
2076,-D@t-IzAvErifYnk@pyuh@v-hisEd-
2077,-sowAtIz-sEd@ndRz-
2078,-AndItIzmed-AvmADRzbEstycrn-AndSinmItAdAdhRsElf-AndEvribadi-wAnstugEtItAwefrmi-
2079,-wIDwAnjAmp-AndRzgat-WtAvhIzCEr-
2080,-hidartAd-lekAnEro-TruclDAhclz-dWncldAstErzd-AndAkrcsDAyard-
2081,-histIlhEldantuItwIDbUh@ndz@zhirAStIntuhIzmADRzkatAj-
2082,-AndclhIzbrADRzAndsIstRzstUdrWnd-AndlIsAndwIDErmWldAzopAn-
2083,-bAtwEnhIzbiIgbrADRhRd-D@thih@drAfyuzdtugIvhIzk@pfcrAkIGzgoldAnkrWn-hisEd-D@t-@ndRzwazAstupAd-
2084,-AndRzfesgrurEd-
2085,-bAthIzmADRAdDImklos-
2086,-nomYlItAlfAnSisEd-
2087,-IfyudrEstInsIl-AndgoldfrAmtaptuto-yukUdnatlUk-EninYsR-DEnInycrlItAlrEdk@p-
2088,-@tDAkAnkluZAnAvDAb@GkwAn-wICwazsRvdItfYvAklak-DAkIGEntRdhIzk@bAnAt-wErhIztelRzwRAwetIGhImfcrDApRpAsAvtrYIGanDAsElAbretAdkastumrEprAzEntIGsprIG-wICwazDArIzAltAvsomACIm@jAneSAn-Andh@dkastsomEniEfRtsAvTctuDAdIzYnRzAndcrnAv@nwRkRzAvDAkcrt-
2089,-avEriwEl-
2090,-lEthImkAmIndDEmsEdDAkIG-And@zIfkolbErh@dbInwIsAnIG@tDAdcrfcrDApRpAsAvkepIGhImsElfakRrAmpwIDAkanvRseSAn-hiEntRd@zsun@zDAkIGh@dprAnWnsthIznemtuDAtukcrtirz-
2091,-jEtAlmAntuycrposts-wRApansendAnyanAndilcrYtUkDErliv-
2092,-sRtAnlisYR-bAtYmAsth@vmAnituduD@t-wAt-
2093,-wAtduyuminInkwYRdluiz-
2094,-hih@zgIvAnDEmwIDtumACAgresnatuh@vADRstIltugIv-IfDearikwYRd-wIC@zDAkes@tDAprEzAntmomAnt-
2095,-ItIznEsAsEriDRrfcrD@thiSUdkAmplY-DAkIGfrWnd-
2096,-dAzycrm@jAstiDEnnolcGgRbIlivDAdIslOAlAtEmpt-
2097,-nat@tclyuaranDAkantrErimostIgriAbAltumi-
2098,-ycrm@jAstizpl@nDEnAndDIsAfErIz-
2099,-yuwIltekDEmfrAmYprYvAtrEZR-
2100,-DAnuzsRkyAletAdwIDAripEdAtiAvAlYtnIG-dUrIGItspragrEs@tkEndAldEvRivRYAtIvkokAtri-dIzYRAndwYld@mbISAn-
2101,-DAkIGh@dkAmplitAdhIztcrlAtbYnYnAklak-hiApIrdAn@nopAnk@rIj-dEkRetAdwIDbr@nCAzAvtrizAndflWoz-
2102,-DAkwinzh@dtekAnDErsitsApanIm@gnIfAsAntdeAs-crpl@tfcrm-REktAdApanDAbcrdRzAvDAlek-InATiAtRAvwAndRfAlElAgAnsAvkAnstrAkSAn-
2103,-sAdAnli-fcrDApRpAsAvrIstcrIGpisAncrdR-sprIGAkAmpAnidbYhIzhclkcrt-medhIzApIrAns-
2104,-DAsizAnz-@lYzAvsprIG-falodhImklosli-tufcrmAkwYdriAlwIC-@ftRmEniwRdzAvmcrlEsfl@tRIGImpcrt-wazDAkAmEnsmAnAvDA@ns-
2105,-hIzlEgz-DAbEstSekt@tkcrt-wRdIspledtugret@dv@ntIj-IndflESkAlRdsIlkAnhozAvsoksofYnAndsotr@nspErAnt-D@tItsimdclmostlYkflESItsElf-
2106,-DErwazsAmTIGInhIzk@rIjwICrIzEmbAldDAbOAntmuvmAntsAv@nImcrtAl-AndhidIdnatd@nsomAC@zsimdtuscrAlcG-
2107,-yEs-ItAsAprEst-
2108,-farfrAmItsYR-ycrm@jAstih@vbIngIvAnodREkSAnzAbWtIt-DAnuzISAnzhAvrItendIm-
2109,-yEsYR-AndrEdidrEstfcrDAb@lem-
2110,-sYRhisEd-ycrm@jAstdizmostdIvotAdsRvAntAproCIztupRfcrmAsRvAsanDAsAkeZAnwIDsAmAlRzilD@thiIzclrEdiSonanDAfildAvb@tAl-
2111,-DAkIGsimdonliplizdwIDEvRiwAnprEzAnt-
2112,-mAsyRRwazDAonliwAnhudIdnat-AndRst@ndEniTIGAbWtDAm@tR-
2113,-DAb@libIg@n-DAIfEktwazmcrD@nbyutAfAl-
2114,-wEnDAmyuzIk-bYItsbRstsAvmElIti-k@ridAweDizAlEstriAst@nsRz-wEnDAsImpAlAntudRdp@ndAmYnAvD@tpIriAtAvonliDAmcrn@CRAlanAkWntAvDAvEriAndIfRAnt@ktIGAvDAagAst@ktRz-h@driCtD@tskamAnetIGpOntAvtrYAmf-DATiAtRzSUk-wIDtAmAlCuAsAplcz-
2115,-dIstenfUlAvAsAksEsAvwICm@dAmSodnoIknalAjmAnt-hiTctAvnATIGbAtboldlirIgenIGDAmarkAndprEfRAnsAvDAprInsEs-
2116,-bYdIgrizclhIzh@pinAs-clhIzbrIlyAnsi-sAbsYdAdInturAgrEtAndAnizinAs-soD@thIzlImzlcstDErpWR-hIzarmzhAGhEvAlibYhIzsYdz-AndhIzhEdrupt@zDohiwazstupAfYd-
2117,-wIDAkIG-huh@dfrAmDAsmomAntbIkAmInri@lAtiDAprInsApAld@nsRInDAkwadriAl-k@stulUkApanhIzvEnkwIsCtrYvAl-
2118,-EvRiwAnkUdAbzRvhIz@jAteSAnAndprastreSAn-AprEstreSAnwICwazIndid-DAmcrImarkAbAlsInspipAlwRnatAkAstAmdtusihImwIDhIzarmzh@GIGlIstwIDlibYhIzsYd-hIzhEdbIwIldRd-AndhIzYzwIDclDErbrYtIntElAjAnsbidEmd-
2119,-ApanDIsm@dAmdentutRnhRYzl@GgwISIGlitAwcrdzDAkamt-AbzRvIG-
2120,-duyuTIGksoSirIplYdwIDIndIfRAns-
2121,-yEs-DAkErIktRwICyuarOAlhYnAsAsumdIzInpRfIktharmAniwIDycron-
2122,-IksplendyRsElf-
2123,-YAludtuDAgatAs-
2124,-DAprInsEsInkwYRd-no-
2125,-SiDEnroz-hAmIGDAErtuwICSiwazprEzAntligoIGtud@ns-
2126,-DA@rAlpIrstAshart-AndwundAdhImcrtAli-
2127,-AkwcrtRAv@nWR@ftRwRdz-hirItRndtuDATiAtR-bAtItwIlbirEdAlibIlivdD@tItwazonliApWRfAlEfRtAvrizAnovRhIzgretIksYtmAntD@tEnebAldhImtugob@k-crpRh@ps-fcrlAv@zDAstrenjlikanstAtutId-hifWnd@tImpasAbAlivInturImenmAClcGgRsEpRetAdfrAmDAprEzAnsAvwAnhuh@dbrokAnhIzhart-
2128,-wEnSipRsivdDAyAGm@n-SirozlYkAwUmAnsRprYzdAnDAmIdstAvYdiAzSiwazdIzYRAsAvkAnsilIGfrAmhRsElf-
2129,-rImenAnY@mplcryu-DAivnIG@zmostlAvli-
2130,-Indid-A-
2131,-YrImEmbRnW-AndYk@ngr@CAletmYsElf-duyulAvEniwAn-
2132,-fRgIvmiYhardlinowAtY@mseIG-ATWzAndtYmzfRgIvmi-m@dAmwazrYtkwYtrYtDIsbrItAlEksYlh@zkAmplitlitRndmYbren-
2133,-DErk@natbiAdWthirAsivdyukYndlifcrInfEkt-yurItRndwITWthIzpRmISAn-
2134,-om@dmasEl-wYh@vYnatAdIvotAdsIstR-crAtrufrEndsAC@zyRsElf-
2135,-wAtclrEdihirDesEdtuhR-
2136,-Yh@vbInhirDIskwcrtRAv@nWR-rIplYdlAvadEri-
2137,-dIdnatDAd@nsIGAmyuzyu-no-
2138,-nomcrD@nDAd@nsIG-
2139,-DAv@lyRIzkwYtApoAtAs-sEdtEnASat-
2140,-Y@mAwUmAnAndDErarfyulYkmi-huEvRlAvzmifl@tRzmi-huEvRfl@tRzmipliz@zmi-AndhurEvRplizAz-wElsEdmatAleyudunatfInIS-
2141,-ItIztudIfAkAltrIplYdmAdmazEldItAntiScan-lEfIGl@dli-
2142,-lAkiAnR-duyunatsiDAmuslolirYzIG-sIlvRIGDAtatmostbr@nCAzAvDACAstnAtsAndDAoks-
2143,-EkskwAzAtsaftRfAvDAwUdz-DAh@pinAswICyarfrEndSIpkAnfRzApanmi-
2144,-wEl-sEdmAdmazEldItAnAScnt-YclsoT@GkAgUdio-bAtYtekEr-
2145,-tusenATIGsEdmantAli-soD@twEnmAtmazEldItAnISncranT@Gks-ATAneIzDAonliwAnhunozIt-
2146,-kwIkwIktDEnAmAGDAhYrEdgr@sEdmantAle-stup@tDine-yuarsotcl-
2147,-DAyAGgRlzhEdIndidmedDEmsElfsmcl-IndidInvIzAbAl-
2148,-SiwazhirjAstnWsEdDAkWnt-
2149,-yuarpazAtIvDEn-
2150,-yEs-bAtpRh@psYfrYtAndhR-InwAtwe-
2151,-hWIzItlAvYlErR-sEdmAdmAzEldItAniSant-D@tEvikAmtAbr@gAlonspokAvyu@z-luiz-
2152,-ItsimzDAkIGwIlnatkAnsEmptuIt-
2153,-gUdgreSAns@zDAkIGEnirYtuIntRfIrAndm@tRzAvD@tkYnd-
2154,-YgIvmYkAnsEnt-
2155,-oY@mspikIGsIriAslirIplYdmAntAli-AndmYApInyAnInDIskesIzkwYt@zgUd@zDAkIGzYsApoz-IzItnatluez-
2156,-lEtAsrAnDEnsEdclTri-AndgresfAlilIftIGApDAlcGskRtsAvDErsIlfdrEsAz-DelYtlir@nAkrcsDAopAnspesbItwinDAlekAndDATIkAstkAvRdAvDApark-
2157,-Inf@kt-DAsWndAvm@dAmzAndDAkwinzk@rIjIzkUdbihRdInDAdIstAnsApanDAhardrYgrWndAvDArodz-falodbYDAmWntAnk@vAlIrz-
2158,-AndDIswe-DAfEtAvDAholkcrt-wazAfEtclsofcrDAmIstIriAsAndh@bAtAnsAvDAfcrAst-fcrsRtAnliDAdIrInDAbrek-DAfEzAntanDAbr@nC-DAfaksInItshol-wRclIsAnIG-
2159,-clAbWthImwazAtAmAltAvbrYtAndbrokAnkAlRsk@tRdAndbrcdzbl@SAz-
2160,-DEmrAg@nsarh@dAkrEstIdhEdAvirdEsAntdrinbl@k-AbrcdkalRAvlcstrAswYt-bl@kb@k-bl@kAndwYtwIGz-wYtbIli-sYdz-fYnAlipEnsAldAndbl@kAndlYt-AndAbrEstAvrICjAstnatrEd-stritwIDbl@k-
2161,-hIzfitwRrEd-hIzlcGnErobik-wIDItscltuTtEjAzAndSarphUkstIp-wazbrYtrEd-
2162,-bAthirhiwaz@tAtErAbAldIsAdv@ntIj@zkAmpErdwIDAWlz-hcksAndigAlz-hih@dnorEndIGfclz-
2163,-bAtsAdAnli-stritAndswIft@zAdYvInkcrmRAnt-hiSatdWnIntuDAtcrAntAndIsApIrdbIniTDAsRfAs-
2164,-wAnsfErliowIGhWEvRIkiGwilIGmedb@khRidlifcrhIzpRC-
2165,-AndmYnh@vsimdD@tAtrWdAvDIsYzwIzAfrIlisAbst@nCAlmil-
2166,-bAtsACwIDhIzkinAsD@t-ivInwYlDAwYdfluksAvhIzIngcrjtuvIkstAmwRstIlstIkIGWtAvDAkwcrzAvhIzbik-hIzfIrsfcrEdYzAvcrwAnsmcrApIrIGdWnwRtIntuDAtcrnt-AndsRrCrAvfrESpre-
2167,-AndIspErhihRldhImsElfdWnwRtusun-
2168,-DAgretkckfWlodhRidli-turitrivhIzprefrAmDAgrWnd-
2169,-DAk@tgrWldscftli-bIktApDAprYzInhRjclzAndtratAdIntuDAbUSAz-tunAvWRIt-
2170,-Inf@kt-hih@djAstmInISIt-DAl@sAvDAtrYldztelh@djAstbInISwIDAsp@zAmdWnhIzstrendgat-wEnDAb@fAldhckatsYdAvhImAndswupt-
2171,-DAhck-AlYtAdanDAdEdbr@nCAnds@tAprYt-moSAnlAs@zIfsRprYzd-
2172,-lYkhIzAnfcrCAnAtlItAlkAzAnDAtil-hituh@dfEltDAfIrAvdETsmItAnIntuhIzhart-AndwazhEdIGdEspRtlifcrDArEfyujusAmdark-ovRh@GIGb@Gk-dipfrEndwIDwidz-wRDAdrEdfAlYh@vDAhUkSUdnatdIsRndhIm-
2173,-DAhcks@tApanDAbr@nCAndwaCthIzkwcriswImIGbInifDAsRfAs-
2174,-clmostInstAntliyuwAzfcrstuDAtap-
2175,-stretweInDAhUk-lYtAdfrAmhIzpaCAndartAd@ftRhIm-
2176,-bAtAdIspOntInDAr@pAdItwazImpasAbAlfcrhImtustedWn-
2177,-bAtDIsfrikwAnCRAvDAhYtsAvErfcrclhIzs@vAjv@lR-waztrAbAld@tDAlipIGwevzInDAtcsIGfomAvDizm@dr@pAdz-hidIdnatAndRst@ndDEm-
2178,-@zhifluhIzdWnritIGklACIGt@lAnzwRnat-h@pAyardAbAlDApyujAtItshEd-
2179,-wRDAwewIsfcrnInstAntTIGkItDekemklosR-bAtnatkwYtwIDIngr@spIGriC-
2180,-bAt@zbIfcr-DAlipIGwevzAtDAbr@pAtswRtumACfcrhIzprAsuR-AndyuwrDAbAltAfl@phIzwecnmcrdAnAklWdAvfom-crdumhAGloAbAvhIzhEd-gEthEzItetAdtustrYk-
2181,-DAhck-EmbItRdbYDAlcsAvhIzfRstkwYri-h@dbIkAm@zdcgdAndprRsut@zAwizAl-natubiSekAncf-crIvedAdcrdIsivd-
2182,-hih@dAlatAvlYnWt-AndDApleswaznAntufrifcrAlcGk@st-bAthiwazImpeSAntudraphIzflYzAgEnanDAspatwRrDAbIgfISwazfitIG-
2183,-DAl@stdraptflY@zlYkwUdh@vIt-katjAst-nDAkcrnRAvDAhcks@GgrAliopAnbik-hUkIGItsclfRmli-
2184,-@tDAsAdAnSarpstIGAvItDAgretbRdtRndhIzhEdAndnotAst-fcrDAfRstYmDAfISRmAnst@ndIGanDAb@Gk-
2185,-DAdr@gApanhIzbikAndDAlYkCEkApanhIzwIGzwR@nIksplIkAbAlthImAndApclIG-
2186,-D@nDAlidRpartAdfrAmDAlYn-
2187,-hizDewIlkAnfIgyR@tDAgardAnpartizAvDAIlEkt-huwRclwezbraEdituEnkRIjhImbY@ksEptIGfrisitsfcrhIzplep-@ktRm@nAjRznadtuhIm-AndIrzAlWlAmtukAntrIbyut-wITWtard-tuhAsAmpoziAmanDAprYsAvgafbAlz-
2188,-AndScrthibIkAmz-ApramAntfIgyR-InwAnDAsYAti-AndIfhiIznatkErfAl-sAmbadiwIlseso-
2189,-bAtivInDAnsAksEsAldramAjAsth@zhIzmomAnts-
2190,-yuarplemAstbinatmrInliA-gUdple-bAtAsAksEsfAlwAn-
2191,-fr@GkliYk@natclwese-
2192,-bAtsApozyusEd-YmfandAvrYtIG-mYkipAlclwesemYlEtRzhoargUdInAfRpAnC-
2193,-YvgatAlItAlYdiAfcrApleAbWtAmEnAndAwUmAnAndAnADRwUmAn-AndbAtpRh@plibEtRkipDApanAsikrAtfcrDAmomAnt-
2194,-EnihWItDAjaliIksYtIGAndYk@ntuDAdYAlcgclrYt-
2195,-lInmIrirfcrtEndmInAts-AndyuS@lRnjAstwAtstejkr@ftIz-
2196,-AndYSUdbIgInwIlAScrthamAlian-sIlAlUkli-
2197,-hIm-tubicrnatubi-
2198,-nWnDAbdEktAvIzsoldAkwiIzplen-
2199,-Indid-hiwazliSAnminDAkinWtAvhImAtzAsImAlIkwi-AklAvRpleR-kUdtusAmIkstEntIndAketbIholTRdilYnz-mYAsYlAjwRkIGAvDAjapt-bAt@tDAsemtYmItwUdbiYdAltud@nYD@thiwUdmIsDAfYndRSedzAvDAdramAjAstminIG-
2200,-wimadRnzhWEvR-siDAbsRdAtiAvIt-
2201,-IfItbigr@ntAd-fRst-D@tDATctsAvAsRtAnk@rIktRSUdbinontuDAadiAns-AndsEkAndli-D@tsAlIlAkwicrdDAh@bAtAvlIGkIGAlWd-Iz@napAzISAntuInmadRnstejtYkmik-@mAlS@lsAlotklibiAbOtAdwITWtd@mAjtuDAple-
2202,-AndsoAn-tIlyugEtDAEndwEnAvbIlyumYtse-ayEs-crsAmTIGnankAmItAlAvD@tscrt-
2203,-DIswUdbiIniziweAvdoIGIt-bAtItwUdnatbi-DAbEstwem-fcrDAridAnD@tItIztuizitukclAtEnCAntuItsElf-
2204,-IndDAoldb@dlimedplem-ItwazfrikwAntlinEsAsYrAtfcrwAnAvDAk@ktRztutekDAadiAnzIntuhIzkampAdAns-
2205,-InDAmadRnwElkAnstrAktAdple-hisImplirIGzAp@nIm@jAnErikInfEdRAtAndtElzInwAthih@zgoIGtudu-kUdEniTIGbimcrn@CRAl-
2206,-YwEntdAbAlnYn-pIlo-
2207,-dAbAlnYntuTriElzAncr-bAtdAbAlnatyEs-fIloID@tyuhReSopEmAsbikIG-
2208,-YseYvbInwAndRIGAmWtDIsbIznAs-
2209,h@dtubiwRnatubiD@t@zDAkwEsCAn-wEDRtunobAlRInDAmYndtusAfcRDAslIGzAnd@roz-wAt-noh@mlItsbikIG-
2210,-yugemidAbAlfYvYmwAndAbAlnYn-EloIzD@tyuhRASoh@mItspikIG-
2211,-dubi-crnatubiD@tIzDAkwEsCAn-wEDRtIznoblR-
2212,-ItIztulEthImlAt-IfD@th@pAndtubiDIGImAlycrk@rIktR-AndjuAlismcldcg-ph@dfElkAnmAGgRz-tenbErcrdEvR@nAmAlIzmostAndkiphImwIDApart-AndkAnfYdInDIsEndmAlsACsaroz-hopscrsikrAthIstRi@zDAadiAtsh@zgatuno-
2213,-EntRhImIt-wIDhIzf@vyuIkbcrhWnd-
2214,-ledilaksbRstartsAdAnliIntrInztwcrdhIm-
2215,-larkspRpItmiAgEnDIsmcrnIGfcrDATRdtYm-
2216,-YwantugEtAwefrAmItcl-swun-
2217,-EntRlcrdarTRflAfAnRz-
2218,-AndDEryuarm-yuwIlAvkcrsApriSietD@tDAnfIndRsAnfATIz-natonlisevtYm-bAtclsomekDEmAnurIGvErimACmcrn@CRAl-
2219,-hWyumebmiwAndRIGaryutubigInycrm@stRpis-
2220,-wilaptAzIndIsYhAndfAlREtAvDAinIG-
2221,-DAdACRzDAsWTrEj-tulcrEdi-orEdiwAtdIdyuse-
2222,-DEnlcrdtEpAni-wYlwAnAbWtakSAn-
2223,-DAkrWldAdrEscvlipIGDAhIroAndhEroIn-AlonAndmIlAvDAstej-AndDEnyuk@mbIg@n-
2224,-DEnIzDAtYmtuEntrAduzAmilcGDAstej-
2225,-AstetmilIzpapyAlRbIkczDAbrutAvDAcdAnD@tDA@ktRz-ivInwAnkcldCarldholtriAn-croAnErz-arilpibAljAstlYkyuAndmin-
2226,-ti-plizm@Tyuz-bAtAlRImp@sAtli-
2227,-hostAsrIplesAzlAmp-AndInklYndzImptitipatovRtrefcrmomAnt-bInh@nsumekAppetAdbrWnInsYd-nAstisivIGDAdEntAlmAnwIDAtElAfgopInDApRsrAkAl-
2228,-re@ntrbATlRAndTrifUtmAn-humuvdDAtiTIGz-hosAs-tugEst-
2229,-AndnavAlzAhirohIzcfAn-pUSthIzmilzAweAntestAd-bAtnoAstidSRrAwUduEniTIGsoAn@CRAl@zDIs-
2230,-tuwYtsarmed-AndhibrEdhIzkrAmbAldwID@nErAvgretigRnAs-Indid-wAnpilsItInrIlY-DAgEstwAdItklACholdAvDAfUtmAnAndse-h@vAmoldC@p-Yh@vAntnIrlifInISt-bAtDA@ktRzbEtRskulbInDIs-
2231,-bAtItzDAsIgREtwICCiflih@zbrakDAmanRndramAntuItsprEzAnstetApRfEkSAn-
2232,-lcrjan-teknIWtgoldsIgREtkesfrAmhIzlEfth@nd-ApRwestkozpYIp-
2233,-DAbUlvAslEjAsleCRnAmbRdTRdisIksmEmbRz-
2234,-DIswaz@tDAmarCIlEkSAn-etinfIftifYv-
2235,-DAsAmRzImAgreSAnhWEvR-biIGmenlifrAmDAfristets-gretliCenjdDArElAtIvstrEGksAvDAtupartiz-
2236,-fcrjEnRAlsRvAsDErfcr-rikwYRIGnospESAl@fRt-DAnumErAkAlstrEGkTAvDAf@kSAnz-wazAbWtikwAl-wYlanEkstrAcrdAnEriAkeZAnz-DAtuTWsAndbcrdRAfiAndrIzRv-lYIGAlItAlfarDRb@kfrAmDAstetlYn-kUd@tEnitYmizAlitRndDAskel-
2237,-DAfristetmEnh@donliDErkAnvIkSAnz-D@tarIntElAjAns-DErkRAj-AndDAmwcrAlsApcrtAvDAncrT-DAkAnspIrAsi-h@dItsikrAtkampAneSAn-DAtErAtcriAlfISAlz-DAlEjAsleCR-DAbUgAslcz-DAkcrts-DAlAlISAcfAsRsDAprEzAdEnt-AndDAarmi-
2238,-DIswazAfcrmAbAlReAv@dv@ntIjIz-slevRiwazkleIGwIDlodAdYs-
2239,-kAmAndbYweADAmAzErirIvRtWnz-hifElfRstAmAGbcrdRAfiAnkAmp@nyAnSIp@nInfluAnsIz-AndpRh@psh@vIGhIzInklAneSAnzclrEdimAldAdbYhIzwaSIGtAnInstrAkSAnz-hIzRliImprESAnzwRdisYdAdliAndvRst-tuDAfristetkaz-
2240,-hIzrIsEpSAnspiCItwEstpcrtInwIChimentend-DAlAg@lAtiAvDAlEjAsleCR-AndhIzdItRmAneSAntuInfcrsDErlcz-dIlYtAdhIzproslevRiadAjRz-
2241,-clDAtErAtcriAldIgnAtErizwRprEzAnt-gAvRnRS@ndAndprAzYdAd-jank@lhEn-DAsRveRjEnRAl-medDAprInsApAlspiC-edInantsieSAnAvDA@bAlISAnAst-sApcrtIG-D@tupikAluvmAnt-CifjAstAslUkatIGnAfYdDAkeZAnwIDApruvIGrImarks-
2242,-clDIsEnt-clantrAmplYnsclhEzAteSAn-clmIrsYlAnsivIn-wRInDAstrcGholdtWnz-lYklEvAnwRk-br@ndRd@z@bAlISAn@zAm-dIklErdtubihastIlAti-tuDApAblIkwElfEr-AndpEnIStwIDpraskrIpSAn-pRsInIlvYAlAns-IkspAlZAn-AndfrikwAntlidET-
2243,-AvDAlEnCIGz-DAmabz-AndDAmRdRz-ItwUdbiImpasAbAl-IksEptInAvEriIkstEndAdwRk-tunotDAfrikwlAntAndAtroSAsdItelz-
2244,-DAprEzAntC@ptRzk@nonlitACApanDAmcrseliAntmuvmAntsAvDAsIvAlwcrdk@nzAz-wICh@pAli-crnats@GgwAnEri-IfhWEvR-DAIndAvIjAwAl-AndmcrYsAletAdkesAzAvblAdSEd-hUdbidIskrYbd-DewUdSoAstartlIG@gRgEtAv-barbErAtiAndAlcsAvlYfcrApInyAnsek-
2245,-sEvrAlhAndrAdfristetmEnpraktlirIspandAdtuDAsAmAnz-
2246,-ItwazInf@ktDAbEstwEpAnAvItsde-
2247,-DAlidRzAvDAkAnspIrAsibIkemdIstrAsfAlAvDErpWRtukrASDAtWn-
2248,-wAn@thIzmAlISAjEnRAlzsAgjEstAdD@tDAgAvRnR-SUdrikwYR-DAWtlcz@tlcrAnsAndElswEr-tusREndRDASarpsrYfAlz-AnADRrod@skIGhImtukclWtDAgAvRmAntrups-@tfcrtlEvAnwRz-
2249,-DAgAvRnRanhIzpartbIkAmIGdWtfAlAvDAlAg@lAti-AvEmplOIGmAzRIGDAlESAntuInfcrsk@nzAzlcz-wazclsoigRtusIkyUrDAhElp-AfEdRAltrups-
2250,-CIrAvjonzh@dhIzpakAtsclwezfUlAvrIts-hISutAndDAspIrAtAvpRsAkyuSAn-D@twazcAnb@fAld-bYdDASarpwItsAndrEdiriscrsAzAvDAfristetpipAl-AndsAmtYmztIfYdWtrYt-
2251,-lItAlbYlItAlhWEvR-DAl@tRbIkemhImdAndbWndInDAmESAzAvDAvEriAstdIvYsAzAndprAsidIGz-wICDAtErAtcriAlfISAlzIvalvd-frAmDAvogAslclz-
2252,-tuEmbErAsDIst@mAjIGIkspoZR-C@jlUkap-ISudArIdAgEnstDAEkskAvAnR-anAfrIvAlAsCarjAvkAntEmpt-
2253,-DAInsAdAntwaznatvYAlAnt-ncrivIntRm@tIknopasiwazsAmAndnofaDR@fRtmed-AndridRfIrIGpRsInIlvYAlAndsunflEdIndIsgYz-
2254,-bAtDAfEr-wazm@GAfYd-@zAkrWnIGpruv-D@tDAfristetmEn-wRInsREkSAnAsAndWtlcz-
2255,-frAmDizAgEn-spr@Gb@rAketAdAndfcrtAfYvdwElIGz-k@mpsAnskWpartiz-fYnAlekomAnetIGInrobIGgRlAv@ndz-h@fpartAsAndh@fprEdAtcri-
2256,-DErdIstIGktIvkErIktRzhWEvRdIsple-wAnbrcnAndAnfelIGdIfRAns-
2257,-DAfristetmEnklAGtuDErprEritWnzAndprEriRvinz-wIDclDAabstAnAnsiAndkRAj-AvtrutiTEndRzAvDErhomzAndfYRsYdz-
2258,-DErAsumdkErIktRCenjd-wIDErCenjIGapRtunAtizcrnAsEsAtiz-
2259,-InDASutIGAvSErAsjonzAndlcrAnz-AndInDArAfyuzAlAvEkskAvAnAridR-tuAlWDAdEpyAtimarSAltuAEsthIm-DedIskAvRdgrevAfEnsAzAgEnstDACErotcriAlAndDAyunYtAdseslcz-
2260,-fUtnWt-sAmnRtuS@nAn-metwElT-etinfIftisIks-
2261,-krYvAtpRsAnzhuh@dlistDAfristethotEl-DenlibiscdDAvEriAsATcrAtiztuprizEntDAdIstrAkSAn-AvDErprapRti-
2262,-EndezwRkAnsEmdInDiznIngoSieSAnz-bAtDAspIrAtAvEnjAnsrAfyuzdtuyild-
2263,-hisAmAnh@fIdAzInsItAsAnz-tujOnhIzpasi-hufalod-obed-AndAsIstAdhIm-
2264,-hikAntInyudhIzpritEndAdsRj-AndtugIv-kalRtiIzErAn-medtuAEst-
2265,-DAfristethotEl-IstonbIlmIG-AndImEnSAnzfIftipbYsEvAntifit-TristcrizhYAndh@nsAmlifRnISt-priviAsliakyApYd-onlifcrlanjIGrumz-anD@tdefcrDAfRstYmopAndItstebAlAkamAdeSAnztuDApAblIk-AndprAvYdAdAfridInRAnhAnRAvDAkeZAn-
2266,-@zhih@dpramAstuprAtEktDAhotEl-DAriAsSRtsItAsAnzbIg@ntAl@f@tDEronfIrz-
2267,-tuDErsaroDewRsunAndAsivd-
2268,-DAmIlAtErifcrs-partlir@bvAl-partlicrgAnYzdh@dminwYlmuvdIntuDAtWn-
2269,-hipl@nAdItkAmpAnibIfcrDAhotElAndIm@ndAdAzsREndR-AvDAarmzbIlcGIGtuDAfristetmIlAtErikAmpAniz-
2270,-@f@nWRletR-tRnIGAdETirtuclrimanstrAns-higedDAprAprYAtRzAntIlfYvAklak-turimuvdDErf@mAlizAndpRsInIlprapRtifrAmDAfristetotEl-
2271,-@jAsAn-huh@dbInhR@GIGDEmab-pl@ntAdhIztugEnzbIfcrDAbIldIG-AndtrenlImAklYd-
2272,-DAInmedsbiIGrimud-@tDApOntAdWR-Afyuk@nInvclzwAfYRdTruDAstonwclz-
2273,-InDIsInsAdAnt-kantr@stIGDAkrietidAndDAdIstrAktIvspIrAtAvDAf@kSAnz-DAEmAkrAntetsAsYAtiAvm@sACusIz-fYndzItsmosthanRAbAlAndtrYGAmfAnvEndAkeSAn-
2274,-DAholprAsidIGwIDsoCYldIS-DAmIzRAbAlplat-sotr@nspErAnt-DAWtrejsogroz-@ztubrIGtusk@stuDAbEtRkl@sAvbcrdRrAfiAnz-huwRwItnAsAzAndIksEsRiz-
2275,-rIloketAdfUtnWt-gADRArabAnsAndbiIGanhIzwetiz-DAstimbotanwIChiwaztr@vAlIGstapt-@tlEksIGtumAzRri-
2276,-InAfyudezAndcfAsRkem-wIDArEkwAzISAnfrAmgEDRS@nAn-AndtUkDAprIzAnRbYl@ndAwEstpcrt-And@ftRwRdzfrAmDErtuk@nzAsItiAndlEvAnwRT-
2277,-hErilazplesInDAkAsAtiAvk@ptAnmartAn-AvDAkIkApurenjRz-hupruvdAkYndjelR-AndmAtIriAliAsIstAdInprAtEktIGhIm-frAmDAdenjRAsIntEnCAnzAvDAmarb-wIC@tD@tYmhEldlEvAnwRTAndRDArenAvtErR-
2278,-k@ptAdmartAnsEd-YS@lgIvyuAphIstAlteEtprAtEktyRsElf-IfwRskAmztuwRst-
2279,-InDARlimcrnIGAvDAnEkstdemetwEntinYn-AkAmpAniAvdrEgAnzwIDwAnEmptisWdAlkemdWnfrAmDAfcrt-AndwYlDAproslevRAm@nstIlsl@pt-DAprIzAnRAndhIzEskcrtwRanDErweAkrcsDAprEriztulAkamptAn-InDACarjAvcfAsRzAvDAyunYtAdstetsarmi-
2280,-DoTronIGtuprIzAnfcrDIsEntRprYz-AnddItendsAmtYm-hiwaznot-dIskarAjd-bAtstIlkAntInyud-bYhIzkWntAnz-AndprAtEkSAn-tuInfyuzspIrAt-IntuDAdIstrEstrOAlAsts-
2281,-AmAGnADRpRsAzAvdIstIGkSAnhuyunYtAdDEmsElvztuhIm-wazlcrdAnepiRAvmRCAstAn-sAnAvDAfemAsInvEntRAvDAlogRITAmz-DApRrsAntuhuDAtYtAlAv-Agretm@n-IzmcrjAstlidyu-DEntuEniADR-humhIzkAntri-EvRprAdust-
2282,-wYlDAfcrmR-fcrtold-D@tDAskAtISkAmAnAntRz-wRsikwAtlifcrmIGAyunyAnwIDAIGglISpanAmAnt-And-InkAlketAdDAnAsEsAtiAvprIvEntIGDEmbYsAmvIgRAsAndutekIG-DAl@tRstIlInsIstAd-D@tEvRisACAtImtwUdprIsIpAtYkDEmIntumIZRztuwICbYDRwYzDewRnat-pRh@psInklYnd-
2283,-DAkIGzIrzwRnWopAntumontrozhIzkWnsAlz-huprApozdnAnbAtDAboldAst-AndmostdErIG-AgriAblituDAdEsprAtstetAvDArOAlkulzInskaptmAnd-
2284,-fYvhAndrAdmEnmcr-huh@dbInlEvidbYDAkAmAnEntRz-wRpRswedAdtuEmbresDArOAlkulz-AndwIDIskAmbYndfcrsihesAnd-tuAt@k-lcrdElko-hudleItparTwID@narmiAvsIksTWzAndmEn-AsEmbAldAponDAfRstnyuzAvDAYrISInveZAn-
2285,-drEdIGDIsupIriRpWRAvWRgYl-huh@vIGjOndhIzv@sAlztuAfcrslEvidbYDApAblIk-wazAproCIGwIDAkAnsIdRAbAlarmi-montroz-hesAnncrTwRd-IncrdRturWzAgenDAmakiAvhAntliAndDAgcrdAnz-huh@vIGbIfccrhestItitekAnarmz-h@dbiIGInstAntlisRprEstbYDAkAmAnAntRz-
2286,-DIsnobUmAnzkErRtRDozsElAbretAdfcrpAlItAkAlkRAj-AndkAndAkt-wazvErilofrAmInAtEriprWEs-AndAftAsAmskarmISIz-AndwIChiwazwRstAd-hihirAlWdmontroztuIskephIm-
2287,-bYkwIkmarCuzTruDizIn@ksEsAbAlmWntAnz-D@t-jEnRAlfridhImsElf-frAmDIshupEriRfcrsAzAvDAkAmAnAntRz-
2288,-wIDDizAndsAmriInfcrsmAntsAvDAETolmEnAndmAdoldz-humhih@drikold-mAntrozfElsAdAnliApanWRgYlzkAntri-h@mdlEtlusApanItolRejAvwcr-k@riIGcfDAk@tAl-bRnIGDAhWsAz-AndpAtIGDAInkrabAtAnstuDAscrd-
2289,-DIssAvErAtibYwICmontroz-sAlithIzvIktRiz-wazDArIzAltAvprYvAtAnIAmAsAtiAgEnstDACiftAn-@zmAC-@zAvzilfcrDApAblIkulz-WRgYlAkAlIktIGTriTWzAndmEn-mArCtInkwEstAvDAEnAmi-huh@drItRdwIDErplondR-Andhile@tInRlaki-sApozIGhImsElf-stIl@tAkAnsIdRAbAldIstAnsfrAmDEm-
2290,-YAkwIk-And@nIkspEktAdmarC-wAntrozhesAnd-tuInAlaki-AndprizEntAdhImsElfIncrdRAvb@tAl-bIfcrDAsRprYzd-bAtnctAfrYtAndkAvAnEntRz-
2291,-hIzkandAk-AndprEzAnsAvmYnd-InDAsImRjAnts-ApIrdkAnspIkyuAs-
2292,-mAntroz-wik-InkAvAlRi-hirlYndhIztrupsAvhcrswIDInfAntri-And@ftupAtIGDAEnAmizhcrsturWt-fElwIDyunYtAdfcrsApanDErfUt-huwRIntYRlikAtInpisAz-DowIDAlcsAvDA-g@lAnt-lcrdgcrdAnanDApartAvDArOlAsts-
2293,-frAmDAsemen-nurEjAmAntsAndunyukAmpAnizwRfcrmd-dIfRAntcfAsRzApOntAd-AndDAholmInAtErifcrspUtIntusAChEGdz-@zDAIndIpEndAnskUdrIlYG-
2294,-bIsYdz-mEmbRzAvpanAmAnthuwRIkskludAd-mEnilfAsRzAnwIlIGtusRvAndRdDAnyujEnRAlz-TruApDErkAmISAnz-AndDEnwErAli-fAsInAtetAdDAprAjEktAvpAtIGmAarmi-IntRliIntuDAhEndzAvD@tfEkSAn-
2295,-DeDAdIsAplAnAvDAfcrmRpanEmEntRiamiwaznctkAntEmptAbAl-AmcrIgzEktpl@n-wazIntrAdust-AndrIgRAsliEksAkyutAd-bYDiznukAm@ndRz-
2296,-v@lR-Indid-wazvErijEnRAlidIfyuzdAvRDAwAnparti@zwEl@zDADR-UrIGDIspIriAd-dIsAplIGclsowazAtendbYDAfcrsIzAvDApalAmAnt-bAtDApRfEkSAnAvDAmInAtEri-arkt-InkAnsRsIGDAjEnRAlpl@nzAv@kSAn-AndDAapReSAnzAvDAfild-simzstIlonboTsYtztuh@vbIn-InAgretmEZRwantIG-
2297,-hIstcriAnz@tlist-pRhIpsfrAmDEronIgnRAnsAndInIkspIriAns-h@vnatrImarktEndhiTIGbAtAhEdlcG-ImpECuAskaGdAkt-iCkartihRiIGtuAb@tAl-wRv@lRAndfcrCAn-Cifli-dItRmAnDAsAksEs-
2298,-hip@stTruhEndli-sAm@lbAnz-AndkemsonIrtulAndIn@zhEroonlihIl-
2299,-DAskatISjEnRAlzAndkAmISAnR@zIfEktAdgretsRprYzonliApIrAnsAvDAkIG-AndDoDepedhImonli-IkstIriRrIspEkt-dutuhIzdIgnAti-DeInstAntlisItAgardApanhImAndRkAlWRAvprAtEkSAn-AndmehImInri@lAtiAprIzAnR-
2300,-DeInfcrmd-DAIGglISpanAmAnt-AvDIs-AnIkspEktAdInsAdAnt-AndASUrdDEmD@tDeh@dEntRdIntunoprYvAttritiwIDAkIG-
2301,-crh@Thi-gIvAnAsEnigIft-
2302,-AndDAmEnAvIzrAlWlsEdDAmEnAvjudA-AndsEd-wih@vtEndpartsInDAkIG-Andwih@vclsomclrYtIndevIdDInyi-lYDIn-dIdidIspYzAs-D@tWR@dvYsSUdnatbifRsthEd-InbrIGIGb@k-WRkIG-
2303,-AnADRpriCR-AvturiproCIGhImtuhIzfeswIDhIzmIsgAvRnmAnt-crdRdDIsAmtubisAG-
2304,-DAkIGstUdAp-AndkoldfcrD@tsAm-wICbIgInzwIDizwRdz-
2305,-h@vnasilcrdanmiYpre-fcrmEn-wIDmidIvWR-
2306,-DugUdneCyudoldiAnzInpItizyufUlAndm@jAsti-SodfcrwAnskrYtRdEfRAnstuDAkIG-DEntuDAmInAstR-AndsAGDAsom-wICDAfcrmRh@dkoldfcr-
2307,-DApalAmAnt-AndDAskatsletdErprApozAlzbIfcrDAkIG-
2308,-bIfcrDAsEtAlmAntAvtRnz-DA@dmInIstreSAnmAstbipAzEstIntYRlibYDApanAmAntsAvboTkIGdAmz-AndhWInkAmp@tAbAlD@tskiGwIDAlIbRtiAvDAkIG-IzizAliImAjAnd-
2309,-DAIGglIS-ItIzEvAdAnt-h@dDenatbiIGpriviAsliASUdAvrAsivIGDAkIG-wUdnEvRh@vpatItwIDsokAnsIdRAbAlAvsAm-AndwYlDewikAndDEmsElvz-bYDAsemEZR-h@fstrEGkTAndupipAlwIDhumDemAstcftRwRdz-h@vsomAtIriAl-@ndIntrAst-tudIskAs-
2310,-IfYnistIlrItendr@GkRAgEnsthIm-InhIzprEzAntkAndISAn-DepAstInsYlAns-wYlhIzwElwISIzmcrjEnRAs@nprudAnt-AkAmpInidhIzmaCwIDtErz-wID@klAmeSAnz-AndwIDprErzfcrhIzsefti-
2311,-hIzdET-InDIskAnjAnCI-wazApAblIkmIsfcrCAn-
2312,-DAn@lAsAsAvnalAjwAlakyApYAsAntIlDAEndAvDATRtinTlEkCR-AndIz-DAmostdIfAkAltpart-AvWRholEntRprYz-
2313,-wAtIzkcldpRsEpSAn-dIfRsfrAmsEnseSAnbYDAf@kt-D@tDAsEseSAnAlAndgritiAns-brIGApAbICuAlAsoSiAts-ImAjAzAnIkspEkteSAnzAvDEryuZAwAlkcrlAts-clAvwIC-WRsAbjEktIvliAndIstIGgwISAbAl-frAmDAsEnseSAn-
2314,-wEDRnatDIsprInsApAlIzlYAbAltuIksEpSAnz-EvriwAnwUdAgriD@tIth@zAbrcdmEZRAvtruT-DoDAwRdIgz@ktlimYsimAnEvRstetmAnt-AndItmYsimcrkREktuse-D@tY@dIz-ApraksAmAli-rEprAzAntImprESAnz-
2315,-AndwAtzscrtAvEvAdAnsIz-lajIklipasAbAl-
2316,-DErIznolajIkAlImpasAbIlAtiIndDAhYpaTAsAz-D@tDAwrRldspr@GIntubiIGAfYvmInAtsAgo-Igz@ktli@zItDEnwaz-wIDApapyAleSAnD@t-rImEmbRd-AholiAnrilp@st-
2317,-clD@tY@mduIGIztuyuzItslajkAltAnAbIlAti-@zAhElpIndDA@nalAsAsAvwAtAkRz-wEnwirImEmbR-
2318,-DAbIhepyRrAsthuAtEmps-tumeksYkalAjiIrEkRdAvbIhevyR-h@ztutrAsthIzmEmRiAndmekIG@tDArEkRd-
2319,-h@bAt-IzAkansEptImbalfIGDAkRAnsAvsImAlRIvEnts@tdIfRAntYmz-IfDAbIhevyRAstfIlskafAdAt-D@tDErIzsACAfAnamAnan@zh@bAt-D@tk@nonlibibIkczhitrAstshIzmEmbRi-wEnItASUrzhImD@tDErh@vbInADRtYmz-
2320,-bAtYdunatTIGksAC@nAIfRAns-hIzwRAntAd-
2321,-WRkanfAdAnscrl@kAvkanfAdAns-InDA@kyRAsiAvAmEmRiEmAj-mAst-InfAntAmEntAlkesAzbibest-ApanAkErAktRIstIkAvDAImAjItsElf-sEns-wik@nath@vfokDAp@stbadAli-AndkAmpErAntwIDAprEzAntImAj-
2322,-wisAmtYmzh@vImAjIzD@tarbYnominz-pAkyulyRlivek-wICyEt-widunatrAst-fcrIgz@mpAl-AndRDAInfluAnsAvDAtig-wimesiAfrEnzfes-vIvAdliAndklIrli-bAt-hcrAblidIstcrtAd-
2323,-sAmImAjAz-lYksAmsEnseSAnz-fIlvErifAmIlyR-wYlADRzfIlstrenj-
2324,-fAmIlyErAti@zAfIlIG-kepAbAlAvdIgriks-
2325,-In@nImAjAvAwElnonfesfcrIgz@mpAl-sAmpartsmefilmcrfAmIlyRtD@nADRz-wEnDIsh@pAnzwih@v-mcrbIlifInDA@kyRAsiAvDAfAmIlyRparts-D@nInD@tAvDAnfrmIlyRparts-
2326,-YkAmnWtuDADRkErAktRAstUkwIC-mEmRiEmAjAzmAsth@v-IncrdRtuAkWntfcrWRnalAjAvDAp@st-
2327,-DemAsth@vsAmkErAktRIstIk-wICmEksAsrAgardDEm@zrAfRIGtu-mcrAlEs-rImot-pcrSAnzAvDAp@st-
2328,-In@kCAwAlf@kt-DErart-dElAs-vEriAsf@ktRzD@tkAnkRIngIvIGAsDAfIlIG-AvgretRcrlEsrImotnAsAndsAm-rImEmbRdIf@t-
2329,-DErmebiEspAsIfIkfIlIGwIC-kUdbIkcldDAfIlIGAvp@stnAs-AspESliwErImidiAtmEmRi@zkAnsRnd-
2330,-DErIzAvkcrs-AdIfRAnsbItwintnoIGDAtEmpRAlrileSAnAvArImEmbRtIf@tuDAprEzAnt-And-noIGtDAtYmcrdR-AvturImEmbRtIvEnts-
2331,-ItwUdsimD@t-onlir@DRrisAntIvEntsk@nbiplest@tcl@kyRAtli-bYminzAvfIlIGzgIvIGDErtEmpRAlrileSAntuDAprEzAnt-bAt-ItIzklIrD@tsACfIlIGz-mAstple@nAsEnSAlpart-AndDAprasEsAvdetIGk-rImEmbRdIfEnts-
2332,-Ifwih@drItendDAsAbjIktcr@kt-InalAj-DAholpraplAmAvmEmRiwUdh@vbInkAmpErAtIvlisImpAl-
2333,-rImEmbRIGh@ztubiAprEzEntAkRAns-IndsAmwerIzEmbAlIGcrIletAdtu-wAtIzArImEmbRd-
2334,-DAsAmpOntsmebitekAn@tsfIkstAnd-sAC@zEniTIriAvmEmbRimAstRYv@t-
2335,-InDIskes-@zInmostADRz-wAtmebitekAnAsRtAnIndAdv@nsIzr@DRve-
2336,-DAfRstAvWRvegAbAt-IndIbAtAbAldetA-IzD@tDErIznalAjAvDAp@st-
2337,-wimYt-prAvIZAnAli-DApRh@psnatkwYtkREktli-tufYn-mEmRi-@zD@twih@vnoIGAbWtDAp@swICh@zno@nAlcgAndWRnalAjAvDAfyuCR-sAC@tEfAnISAnwUd@tlistsRvdhImarkDAprablAmwIDwICwiarkAnsRnd-DozsAmEkspEkteSAnzmedIsRvItur@GkwIDmEmRi@zrAgardz-AndmidiAsi-
2338,-DIsdIsIGkSAnIzvYtAl-tuDAndRst@ndIGAvmEmRi-bAtItIznatsoizituk@riWtInpr@ktAs-@zItIztudrcInTIri-
2339,-AgremAfondbYDAhElpAsutAbAlrEkRdz-mYtrIletuDAsDAInsAdAnsAvItsp@st-AndpipAlarnatsodIfRAnt-frAmdr@mAfAlAns@zDelYktubIlif-
2340,-Yk@nsEtuwRkAnWturImEmbRTIGz-YnEvRrImEmbRdbIfcr-sAC@zwAtYh@dtuifcrbrEkfAstDAsmcrnIG-AndItk@nhardlibiholdlih@bIt-D@tEnebAlzmituduDIs-
2341,-DAf@kt-D@tAm@nk@nrAsYtAphoAm-dAznatSoD@thirImEmbRzEnipriviAsAkeZAn-anwIChih@zrAsYdId-crEdIt-
2342,-sImAnztubUks-mEnSAndAnd@nRliRlAkCR-dunatAC-nalAjmEmRit-D@t-clklosli-
2343,-DegIvlclzAkcrdIGtuwICEmAjAzAvp@sAkRAsIzkAmIntuWRmYndz-bAtdunatdIskAs-WRbIlifD@tDizIndmACIzrAfRtup@stAkRAnsAz-wICIzwAntkansAtuz-nalAjmEmRi-
2344,-ItIzDIsD@tIzAvEntrAztuTIriAvnalAj-
2345,-ItIzbYnominzclwezrIlYAbAl-clmostEvribadih@z@tsAmtYmIkspIriAstDAwElnonAluSAnD@tclD@thIzh@pAnIGnWh@pAndbIfcr@tsAmtc-
2346,-wEnEvRDAsInsAvfAmIlyEAtiAkRzwITWtAdEfAnAntAbjnEkt-ItlizAstAsRC-DAInvYRmAnt-AntIlycrs@tAsfYD@twih@vfWnd@tDApropriAtAbjEkt-wIC-lidzAstuDAjAjmAnt-DIs-IzfcrmIlyR-
2347,-DAs-nonalAj-@ztuDAp@st-IztubidRYvdfrAmDAfIlIGAvfAmIliErAti-Alod-
2348,-AfRDRstej@z-rEkAgnISAn-
2349,-ArEkAgnISAnAndDIsEns-dAznatnAsAsErAliInvalvmcrD@tAh@bAtAvAsosieSAn-DAkYndAvAbjEktwiarsiIG@tDAmomAnt-Iz-AsosietAdwIDAwRd-k@t-crwID@nctAtcriImAjAvpRrIG-crtwAtEvRADRkErAktRIstIk-wimeh@pAndturEkAgnYzInDAk@t-AvDAmomAnt-
2350,-wiarAvkcrsIndf@kt-ebAltujAjwEnwirEkAgnYsAndAbjEkt-D@twih@vsinItbIfcr-bAtDIsjAjmAnt@zsAmTIG-ovRAndAbAvfrEkAnISAn-AndDIsfRstsIns-AndmevEriprabAbli-biImpasAbAltu@nAmAlzD@tnEvRDAlEsh@dDAIkspIriAnsAvrEkAgnISAn-AndDIs-fRstsEnsAvDAwRd-
2351,-DAsnalAjIz-mEmRiAndwAnsEns-DoInAnADRItIznat-
2352,-DErarhWEvR-sEvrAlpOntsInwICsAC@nAkWntAvrEkAgnISAn-Iz@n@tAkwAt-tuDAgEnwIDItmYsim@vfRstsYtmcrtREkt-tudIfYnrEkAgnISAn@z-Yh@vsinDAsbIfcr-DEn@z-DIsh@zEgzIstAdbIfcr-
2353,-DAdEfAnISAnAvmYIkspIriAns-IzdIfAkAlt-brcdlispikIG-ItIzEvriTIGD@thIzkAndEktAdwIDwAtY@mIkspIriAnsIGnW-bYsRtAnlEGksAvwIC-DAvEriAsfcrmzAvmEmRi-arAmAGDAmostImpcrtAnt-
2354,-DAs-IfYrEkAgnYzDATIG-DAkeZAnAvItspriviAsEgzIstAnsIndvRCuAvwICYrEkAgnYzIt-fcrmz-partAv-mYIkspIriAns-bYdEfAnISAn-ArEkAgnISAnwIlbiwAnAvDAmarIksbYwICmYIkspIriAnsIz-sIGgAldWt-frAmDArEstAvDAwRld-
2355,-Avkcrs-DAwRdz-DIs-h@zIgzIstAdbIfcr-arAvEriInWtAkwItr@nsleSAnAvwAt-@kCAwAlih@pAndzwEnwifcrmAjAjmAntAvrEkAgnISAn-bAtD@tIzAnAvOAtAbAl-wRdzaRfremdtuIksprEs-AlEvAlvTct-wICIzbYnomiGzprRmAtIv-And-WRkwYtAndkepAbAlAvIksprEsIGsAC@nElAmEnCRiAkRAns-@zAtrEkAgAnISAn-
2356,-YrImendDErAlonfcrmEniWRz-bAtInmAs@knalAzAtbIfcrAlEftDACemRz-Yh@dgr@juAlibrcmYsElftulUk@tDAm@tRAndAnADRlYt-
2357,-h@divRkrEswElRnApIngolUkIG-@j@kmIndstIlAkalIj-h@dsRk@nIGtAnclvolrImendIn@GglAn-@dmIstRbAnIt-AndDAbarkhipRnatsAksidAdAndstapimYk@rIjanDAhIl-SUdYh@vsAksidAdInAredifcrDAfYnandDAparCRAvmYlfrEnd-
2358,-anRYvIG@thomAndmYonrEzIdAnts-YfWndD@taRSAlanwazstrIldwIDAbrIlyAntkAmpAni-
2359,-@zYspok-YmedhIm-AgreSAsbW-AndYTIGkYSodhImbYmYmodAvAdrEs-D@tYdIdnatbErEnigrAj@zktumYIndAvIjAwAlsElf-
2360,-Yh@vkAmtuycrSUrzmIsRprEzAdEnt-wIDApRpAsAvsiIGhWTIGzArprAprEsIG-AndDIsdIsAntkwcrtRAvDAwRld-
2361,-wih@vWRlItAlSrAgAlzhirIzElswEr-AndclTIGzk@natbidAnbYrozwR-
2362,-wiarAkwYts@tAsfYdnWk@ptAnb@tAl@ks-sEdmYwYf-
2363,-kwYts@tAsfYsEdivA-
2364,-DAlediz-AndkAmplYAnsbID@tsaftnAsAvhart-wICIzDErkErAktRIstIk-aranwAnsYd-AndDAmEn-bAthumDAwRld-h@stulim@nAjdcranDADR-
2365,-nodWt-IndprasEsAvtYm-DAledizwIlfalo-
2366,-DErm@stRsEdmIsIznEvRbEnd-
2367,-YdIdnatmin-sEdk@ptAbWnl@ks-DAtACApanpAblIksAbjIkts@tsACAmomAnt@zDIs-
2368,-mIsIznEvRbInyumAsAndidbiprWtAvycrsAn-
2369,-j@kh@vbInst@ndIGInDAfcrkcrnRDArumtckIGtuivA-AndwaznWrAdustAsYlAnsbYhIzprezAz-
2370,-sRkEnIGtAnovAlIzAvErifYnmplYRsEdmYwYf-
2371,-Y-AndmYwYfAndsAnAndDAtukrEswElRz-AndTricrfcrADRzAgritudYAmpcrDASIt-anDAnEkst-
2372,-DIsYfElt-wazpedtumi@vbiIGprEzAdEntADRripAblIk-AndYIndEvRdtubIhevmYsElfwIDsACmIGgAldhyumIlItiAndIgnAti-@zmYtbifItDAkeZAn-bAtYkUdnatbAfilD@sAmTIGwazwantIG-tuDAsImplIsAtiAvmYcrdAnErilYf-
2373,-mYwYf-anDAspErDAmomAnt-m@nAStugIvDAjElmAnAvErigUdInR-
2374,-DIsSisEdwaztruhaspAt@Ati-AndY@mnatSUrDYdIdnatAgriwIDEr-
2375,-DEnDErwRTricrfcrlidIGmEnAvDAkAmyunAtiwIDErwYvz-huarfcrDAmostpartDAfaDRzAndmADRzAvDAyAGlediz-
2376,-oyEsAj@k-AndYmnowEr-
2377,-bAtYmintuh@vmYEnIGzbIfcrlcG-
2378,-AvwAtmIsIznEvRbInh@dgcnTruInprAvYtIGbRgpistsAndfISAz-natutckAvtartsAndjElAzfcrDAdInRAvD@tde-nowAnbAtmYsElfk@nh@dEniYdiA-bAtItmAstbiInmItAdD@tSiAkamplAShRt@sk-wItTErosAksEs-
2379,-wis@twIDAcfAsRsAmlItAltYm@ftRdInR-AndDEnwEntAScr-
2380,-hWmACAvivAl-AvrilAkamplIStivAl-h@dDErnatAkRtumidrOIGDAl@stfyudiz-
2381,-wAtkUdYdunWbAtjAstlemYsElfdWnAndY-
2382,-AndDAdETAvwICYdrAmtkUdnatAl@s-
2383,-wEnDIsk@ptAnSUdh@vtekAnhImsElfIndhIzvEsAlb@ktuIGglAnd-YwUdrItYrtuAsmclfarm-wICYpAzEst@tDAfRDRz-sYdAvDAYlAnd-AndDErInsAkluZAn-wAtYAndmYdez-
2384,-j@kwUdbIkAmivIzh@pihAzbAnd-AndwUdrImenAmIst-DAhRidutizAvDAigRwRld-
2385,-TIGkGAvclDIs-YwEntAsli-
2386,-mIstRnEvRbEnd-bIg@nDAk@ptAn-AndYAbzRvD@tApD@tmomAnt-hiA@djEnRAliAdrEstmi@z-prEzAdEnt-Dek@natbidDAnYnD@twih@vkAmhir-an@nAnplEzAntmISAn-
2387,-yuh@vrAsivdAswIDclD@tkRtAsinhaspAt@Ati-fcrwICcrkErIktRIniGmAn-st@ndsohY-
2388,-ItIzAdutisEdY-
2389,-bAtycrpWR@zsosupIrituEniD@tYk@nAdv@ns-@ztumekAshirfilD@tDErIznodIsgresIndyildIGtuIt-
2390,-natAdWt-bAth@dycrfcrsbInonlidAbAl-crtrAbAlWRon-YSUdh@vfWndItmYdutituSrAgAlwIDyu-
2391,-D@tIzclkwYtrumIstRnEvRbIn-sEdsRfRnmAndobrWn-
2392,-Yk@nAfcrdtusmYldbIkczY@m@bsAtlipErAlAsbIfcryu-bAtYdunaDAlEsfil-D@tInAm@tRAvwICDApragrEsAvDAwRld@zkAnsRnY-cr@DRwi-h@vbInpUtdWnbYbrufcrs-
2393,-yuh@vkAmtuAsTrEtAnIGAs-wID@bsAlutdIstrAkSAn-
2394,-DErfcr-YfumYsElfkwYtebAl-@zprEzAdEntAvDIsrIpAblIk-turAsivyuwIDAkRtAsidutuDAsRvAntsAvAfrEndli@lY-
2395,-Yk@nASUryu-hih@znativInAlWdmitusiDAtrIgR-sInsYh@vbInanbcr-
2396,-DEn-sEdsRfRdn@ndo-DErIznATIGfcr-bAtD@twimAstekyuwIDhIm-
2397,-DErkemApanmiAsAdAnSatwEnYhRdDizwRdz-wICIksidAdEniTIGwICYh@dyEtfElt-
2398,-yuhirwAtsRfRm@ndolbrWnAsAdrIplYdk@tAb@tAl@ks-
2399,-bAtwAtIztAdElAkAmISAn-h@skt-
2400,-YwaztubitekAnAweInk@ridtuEGglAnd-crElswEr-crdrWndApanDAvOAjAndm@tRnatwIC-
2401,-DEn-DAripAblIkAtprInyulA-waztubidIklErd@snanEgzIstAnt-AndDArIdISfl@gwaztubiIgIzcltAd-AndAprItISgAvRnRAndstclD@nhiIzEkyAtIvCembRz-
2402,-yumebikwYtScrtsDErsEdk@ptAmb@tAl@ks-AndD@tYk@nsoyuzIt@ztuh@fAblItRiycrtWnwIDIntumInAtsAvmYrItRnanbcrd-
2403,-yuprApozdtutkUdnatmiYsEn-
2404,-wYlwitbIkAmwIDycrgAn-wErYtukUdnatyu-
2405,-lutEnAnt-krcstriz-IzAvErig@lAnt-cfAsR-
2406,-wAnAvAsclwezrImenzanpcrdwYlDADRzanSUr-
2407,-wAtwRldwYdInIkwAtisACAspiC@zD@tdIsklozAsEdY-stIltRnimYsElftuDAk@ptAn-fcrDoYwUdh@vkrASDEmbolTbYmYwRdzh@dh@vbInpasAbAl-mYjAstlYfsEntRdItsElfansRfRnm@ndo-
2408,-yuwclWmitusAgjEsAthi-bAtD@tIzAm@tRAvAp@n-
2409,-wErYtukAmplYwIDycrcrdRzwITWtIksprEsIGmYonApInyAn-YSUdsimtuh@vtansowIlIGlihir@ftR-
2410,-DAlEtRr@n@zfaloz-
2411,-sR-Yh@vInkAm@ndtuInfcrmycrEksAlAnsi-D@tyuh@vbInApOntAdgAvRnRtAvDAkrWnkani-wICIzkcldbrItAnyulA-
2412,-DApAkyUrlR-AsRkAms@nsAzAvDAkaniarwIDInycREkslAnsuznalAj-
2413,-bAtInDErsAlEkSAnAvAkansAtuSAn-DAbrIInyulAs-h@vAnfcrCAnAliAlWdDEmsElvzbAtwAndIlIbRAsAmbli-AndhEns-Aspr@GAprEzAntIfAkAltiz-
2414,-ItIzfWndInanDA@knalIjwitnAs-AvDozhusRvYdD@tpIrdAvlYf-@twICmEnsistuwRk-
2415,-bAtItIzsRmYz@tyuwIlfYndIfAkAltlizInDAweAvycrEnjRIG@twAnsApanycrgAvRnR-
2416,-DAjanbrYhIzarmwIDAwEpAnAvkritpWR-AgEst-wICItIzImpasAbAlD@tDApipAlAvprItAnyulISAnprIvEl-
2417,-yuwIlk@riWtwIDyuwantRrdrRmEnAvDAncrTncrTwEstbRIGh@mrEjAmAnt-wICwIprablisAfYs-fcrycronskyUrAti-@zItIzTctD@tAvmIstRnEvRbIn-biwITdrcn-DApipAlwIlrivErizAlituDEroldh@bAtsAvobidiAns-
2418,-wEnyuIntEndD@tDAjanbrYtS@lstart-
2419,-tude-YSWtAd-
2420,-AndYh@vmnowAnrEdituhumYk@ngIvApDAarkYzAvDAgAvRmAnt-
2421,-YS@lbih@pitutekCarjRDEmsEdsRfRnm@ndo-
2422,-Deh@vkcrs-mAstclbictR-
2423,-wcrAvDAh@bAtsAvWRpipAl-ItIzkwYtInpasAbAl-
2424,-ycrpWRIzsAfISAnYsEd-
2425,-IfyuwIlgIvAsycrpramAstumik@tDEm@tAkshir@tDIstYmtumaro-wiwIlstrECApOnt-AndIleDAdIparCRAvDAjanbrYtfcrtwEnfcrWRz-
2426,-AndDIsplewazAdaktAdtu-AndcrtuIkstr@kfrAmiApramAsD@tYwUdIpartAndpis-
2427,-DIswazwAtdIdDAmIsCIpsofar@zDArAnIGAwewazkAnsRnd-
2428,-ItIzhardlinEsAsEritusemcrAvDEmhir-
2429,-frAmDAm@nRInwUCSiIksprEsthImsElfwIDrAgoIGturabRdhalAn-nom@nInDAholr@njAvhIzrEkAloSAnzwIlbilcGArImEmbRdD@nhi-hIzInTromAndwYlAndRhalAnwIlhardliEvRblifRgAn-
2430,-AvDIsparti-EdwRdAbOAvsEvAntin-kcldfcrITmACsImpATi-hituwazklemdbYhalAn-
2431,-janwEslikamb@S-jekAvtelR-AndtamAsEdwRdIskInR-
2432,-AfyuyIrzb@kwAnAvDErzlevz-DAkoCmAn-wazkEptanDAkoCbakswAnkcldnYtwEnDewRWt@tAbol-AndjIlibIkemclmostprozAntudET-AndfEthigUdYInDAInfRmRifrAvDAIfEntsAvDAfrcst-AbWtwAnwig@ftuwRdz-
2433,-DAdaktAhuhAtEndAdDAEnjAdtgriCRInDIsgeswazsImplitoldD@tSislIpt-AndfEldWnDAstErz@zSiwazkAmIGgEn-
2434,-AndAtAkessEdjanwEstli-wazAlItAlgRlh@fgrWnhuwazwaSIGwIndozApstErzwAnde-AndAnlAgAlifElAslipInDAwIndo-AndInDIspAzISAlIzfWndbYhRmIstrAz-InRejDAmIstRzhih@dhRAhEvislEp-nathRWtAvDAwIndo-AndSifEldtuDApevmAnt-AndYdInAfyuWRzfrAmDAfEktsDErAv-
2435,-@zyuZAwAlnATIGwazdAnInDAweAvbUnSmAnt-
2436,-AndEvRnuAvbAtwAnm@nhukUdEvRplizhIm-
2437,-hiwRkmivErihard-hiwantAtubibitIGmiclDAtYm-
2438,-SiwazAlarjhomliwUmAn-DewRkamAndwYtpipAl-wIDnorEpAteSAnInDAkAmyunAti-
2439,-sAbst@nCAletIswazjekApsAnvarnISt-dIskrIpSAnAvhIzm@stRAndmIstrAs-
2440,-@zIzejAndclsoDAnetAvhIzm@stR-jekAbstetmAntvEridsAmwAtfrAmDA@dvRtAzmAnt-
2441,-AvstartIG-YdIdAtnoDAwetukAm-
2442,-ItsclmostbIandkAnjEkCR-
2443,-DIsri@lAtibIg@nztuIksplendAdargpWRAndADRwRldlif@sAneSAnAvtwEntiTWzAndligzAndRDAsis-
2444,-frAst@zApErIsTctrokR-letR@zAsElAbrYtAdcrTRAndyatsmAn-hiwEntanfrikwAntvOAjIz-tuprItAn-AmErAkA-DAmEdAtReniAn-
2445,-nemobIltAf@byAlAzfyuCRAstIksEbmRIGDAnctAlAs-D@nkIndAptsAnAndRwctRk@mpenAvEnjAnzAgEnsthIzImpIriAlAstAprEsR-
2446,-InclDAdavAlhEdAdIfAkAltjAsteSAn-
2447,-ADRsAtAltizAkRInsYdiC@tbAsod-DAtEksCRzAsparklIGwIDwItInfRmeSAnAndInsYt-
2448,-hIzpEsAfAkeZAnzfcr@nopAnsisAbmRinAndAsElfkAntenIGdYvIGsud-wRdEkedzbIfcrDErtYm-yEt-madRntEknalAjibErIzDAmWntrYAlfAntli-
2449,-ivInDAsApcrtIGk@stIzSrudlidrcn-prAfEsR@rAn@ksDAkRIrsYAntIstkakIn@nETAgokanflAkt-kAnsilDAkAmposIvkl@sAfYR-huzsAplYzhyumRIzt@glYnzfcrvRnzf@stf@kts-DAharpunRnEdl@nd-AkriCRAvkanstAdWpAtYts-m@n@zhIroIk@nAmAl-
2450,-bAtmAC@tDAndavAlzbrudIGpWRklozfrAmk@ptAnelo-
2451,-DIskAmpAlSAnlidznemoIntuAglikantrAdIkSAnz-hiIzAfrYdRfcrfridAm-yEtclhubcrdhIzSIp-arImprIzAntDErfcrgUd-hiwRkstusevlIvzboThyumAnAnd@nAmAl-EfhihImsElfkrietsAhalAkast-hidItEstImpIriAlIzAm-EvyulezpRzInIlklemtuDAsWTgol-
2452,-AndInDIsl@sd@kSAnhifclzIntuDAkl@sIksInAvprYd-
2453,-hiIzswIftliplAnISt-
2454,-DAnctAlAsnIrlip@rISIzInDA@ntarktIkAndnimosIGksIntuAgroIGdIprESAn-
2455,-fcrmEniDEndIzbUkhIzbInAscrsAvf@sAneSAn-SUrliwAnAvDAmostImpluEnSAlnavAlzEvRrItAn-AndInspReSAnfcrsACsYAtIstAndIskAvRz@zEnjAnIrsYmAndlek-oSAd@grRfRwIlyAmbIdi-polRtr@vAlRsRanhIstS@kAltAn-
2456,-f@DAmsIksfit-
2457,-greAm-rAfAliwAntwEntietAv@nWs-
2458,-mIlAgr@Am-rAfliwAntwEntietTWzAndTAv@nWts-
2459,-lidR-rAfliwAnkcrt-
2460,-mitR-rAfliwAnycrdTriEnCAz-
2461,-mIlAmetR-rAfliwAntwEntifIfT-Av@nEC-
2462,-C@ptRTri-@zm@stRwISIz-
2463,-TrisEkAndzbIfcrDARYvAlAvjebihabsAnzlEtR-YnomcrdremdAvCesIGDAyunAkcrnD@nAvtrYIGfcrDAncrTwEstp@sAj-
2464,-ivInsoYh@djAstrItRndfrAm@narAjuwazjRAni-IgzcstAdAndb@dlinidIGArEst-
2465,-YwantAdnATIGmcrD@ntusiDYkAntriAgEn-mYfrEndz-mYmadAstkwcrtRzbYDAvAt@nIkAlgardAnAnz-mYdIrlibIlAvdkAlEkSAnz-
2466,-bAtnWnATIGkUdholdmib@k-
2467,-kAnsilwazmYm@nsRvAnt-
2468,-frAmrAbIGSEldRzwIDsYndIstsIndYlItAlyunAvRzbYDApAt@nIkAlgardAnz-DAbOh@dkAmtunoATIGhrtu-
2469,-kl@zAfYIGwazEvriTIGtuhIm-sohidunATIGEls-wElvRzdtInDATIriAvkl@sAfAkeZAn-hiwazpUrlivRstInDIspr@ktAgAl@plAkeZAnAndYdWtD@thikUtElAspRmwelfrAmAbIlenwel-
2470,-AndyEtwAtAfYng@lAntlEd-
2471,-natwAnsDIdhikamEntanDAlEGkTcrDAhardSIpsAvDAjEri-
2472,-nEvRdIdhiAbjEktubAkAlIGAphIzsutkezfcrEnikAntriwAtEvR-CYnAcrDAkaGgo-nom@tRhWfarcfItwaz-
2473,-hiwEnthirDErAndEvriwErAndpRfIktkAntEntmAnt-
2474,-plesfRgItlifcrDIsAndRh@nd@tweAvAdmItIG-@tYh@dtRndfcrAti-
2475,-hiwazAfAn@tIkanfcrm@lAtiAndhionliAdrEstmiInDATRdpRsAn-tuDApOntwR@tgathYRsAm-
2476,-DErwazgUdrizAntustapAndTIGk-ivInfcrDAwRldzmostImoSAnlAsm@n-
2477,-kAnsilYkcldATRdtYm-kAnsilApIrd-
2478,-dEdm@stRsAmAnmi-hisEdEntRi-
2479,-p@k@zmACIntumYtrAGk@zyuk@n-mYCr@vAlIGkIt-mYsutsASartsAndsaks-donbADRkWntIGjAstglizItclIn-AndhRi-
2480,-wildiwIDEmletR-wAt-
2481,-EnihWwilivInstrAkSAnztuSIpDAhomAn@ZRitufr@ns-
2482,-yEswiarsRtAnli-YrIplYdIvesIvli-bAt@ftRwimek@tItUr-
2483,-ArWtslYtlilEsdREktD@tscl-
2484,-wIlivIGanDAebrAh@ml@GkAn-
2485,-yusimYfrEndItsAISuAvDAmanstR-bAtnAtIriAsnarwcl-
2486,-widontnowErItwIltekAs-
2487,-bAtwRgoIGjAstDAsem-
2488,-wih@vAkAm@ndRhuzgemfcrEniTIG-
2489,-YlEfdInstrASAnzfcrSIpIGmYkAntenRzAvstAft@nAmAlzAnddrYdpl@ntstupErIzfr@ns-
2490,-YopAndAlYnAvkrEdAtsAfISAntukAvRDAbAbRIsA-AndkAnsil@tmYhilz-YjAmptIntuAk@rIj-
2491,-WRb@gAjwazImidiAtlik@ridtuDAdEkAvDAfrIgAt-YrAStApcrd-
2492,-Y@sktfcrkAm@ndRfErAgAt-
2493,-wAnAvDAselRzlEdmituDA@ftRdEkwErYstUdAndDAprEzAnsAvAsmartlUkIGcfAsR-huIkstEndIdhIzh@ndtumi-
2494,-IntRsAn-wckAGAbOprAfEsRycrk@bAnIzwetIGfcryu-
2495,-YwazwEls@tAsf@dwIDmYk@bAnwICwazloketAdInDAstRnAndopAndAndtuDAcfAsRzmEs-
2496,-wIlbikwYtkAmftAbAlhirYtoldkAnsil-
2497,-AndsoIfYh@dbIndIledbYAkwcrtRAv@nWRcrivInlEs-DAfrIgAtwUdh@vgcnwITWtmiAndYwUdh@vmIstWtanhIzanRTli-IkstrcrdAnEriAndInkAnsivAbAlEkspAdISAn-huztrustcrimYtwElmetwIDsAmskEptusIzAm-
2498,-DAwcrvzAvbrUklAnAndEvRipartAvnuycrkbcrdRIGDAistrIvRwRkrWdAdwIDkyUriasAtisikRz-
2499,-dIpartIGfrAmfYvhAndrAdTWzAndTrodz-TriCIrzbRstfcrTInsAksESAn-
2500,-TWzAndzAvh@GkRCIfswErwevIGAbAvDiztlYtlip@ktm@sAz-helIGDAebrh@mlEGkAnAntIlIdriCtDAwctRzAvDAhAtsAndrIvR@tDAtIp-AvDAlcGprAnEnCAlAtD@tfcrmzAnAycrksIti-
2501,-DEnhirAStdWnstErzIntuDAkcrtyard-SWtIGlWdlifcrhIzsoljRzAndTrEtnIGtup@C-EvribAniInhIzdAmInyAdz@tDAselRmAnwaznatrik@pCRd-
2502,-koldhImf@stmYmIn-And@zsunAzY-h@dmYkapiAnomIl-WtekAntuDArumAvDAgretnYfAndp@ChIm-
2503,-YwUdAntmYnlAkAvAgavimYsElf-sEdkAmdIl-Yh@dkAnsIdAbarksItRzYzdDIsmcrnAn-AndAmcr@difcrbrEkfAs-
2504,-pAtk@tAnbIlmednosACAtEmpt-noIGItwUdbiyuzlAs-
2505,-@zIn@zDeEntRdDArumAvDAgretnYt-DAbIlRugevAyElodIsApOntmAnt-
2506,-DArumAvDAgretnYfwazhYAndbIg-AndRWndItr@nrozAvbEnCAzfcrDAspEktetRzDAsItApYn-
2507,-AndwAnbles@tDAhEdAvDArum-wazRezdpl@tfcrmfcrDArOAlf@mAli-wIDElAgEntTronCErzfcrDAkIGAndkwin-AndsIksmclRbAtrICliApostRdCErzbADoznonozbr@nsEsIz-
2508,-DerfcrhRm@jAstinkednoAtEnSAntuEniwAn-AndnowAnkedEniAtEnSAntuhR-
2509,-rICjulzAvbluzdWnzglItRdApanDErkRzAnz-AndDArOAledizwRfoli@zkcrjAs@zDAwRhctiAndovRbErIG-
2510,-marnIGRlzhWpipiAlRzwElezyulUk-
2511,-kAntrolyRsElvzInmYdIrz-rIblYdDAbIlRu-DAwRzpAnISmAntYnoAtWtuAnplUktan-EniwAnDIsprIzAnRIzA-dAptusAfR-yuwIlsiAvEriprItip@CIGmYrOAldctRz-
2512,-sApozItsAvbrEnd-
2513,-DAk@ptAnSUkhIzhEd-
2514,-wYyusItufEntDAvRstlevIGkrICuwimEt-AndD@twazDIspIgot-rIplYdDAk@ptAn-p@ntIGhart@zhihEldfEstuwAnInDAgotshcrnz-
2515,-DAYdiAvp@CIGk@mbIltuAgotwazAv@sliAmyuzIGtuhIm-AndAmcrhiTctAvIt-DAmcrhircrdwIDl@ftR-
2516,-DehctsAmTIGAlYkyuno-sAgjEstAdAk@ptAnAvDAgardzlUkIGfrAmwAntuDADRdWtfAli-AndDEnIrliDAsemsc@zItfhIzt@ndAbWtdanhIzhYlEgz-DevboTgatDAsemstarlAtwIskAz-AndDerboTD@nDEm-abstAntIndYnjRAz-soDeotumekAgUdp@C-l@ndAd
2517,fYn-kwcriIz-
2518,-wEnDIsh@dbInAkamplIStDAbIlRulindovRtutrYdtuAdIskAvRwYDAfremroldAwe-simIGliAvItsonAkcrd-AndhiwazDAmcrpczolbIkczIth@dnEvRdAnsACATIGbIfcr-
2519,-@twAnstugotdevAlip-IskeprAmDAscrtRzAndwIDbWdhEdrAStApanDAbUlRru-
2520,-bIfcrEnikUdstaphIm-hibAtIthIzm@jAstisofyUriAslibAtDAkIGscrtfarIntuDAEr-AndtAmbAdInAhipAmAGDAbEnCAz-wErhilemWnIGAndgronIG-
2521,-dAgotswcrlYkspIrAtwazrWzdbYDAsAksEsfAlAt@nt-
2522,-DEnDespEdIngrethestfcrDAdcr-AndAgogevAfYnAlbAtDIzInDAroAvrOAledizcldYtIGIntuDAkcrAtRInAnADRt@GgAl-wErApanDeSritInAm@nRD@tErAfYdEvRiwUmwAdInsWndAvDArvOsAz-
2523,-Yh@dAnoSAnItwazyumedAzsenmifrAmDAnYf-
2524,-YbItAnSErRmACbiIGbWndzAvdYt-bAtwEnYmluvsYmIGtuh@v-jAstlcGgUdSIvRturIlimYfilAnz-
2525,-kAmAnd@tDAbUlRrul-SisEd-goIGtAwcrdzDAbEnCAz-
2526,-soDewRkwYtwIlIGtuobeDAcrdRzAvDErgRlkwinAndInAScrtYmDAbl@sAvtrAmpAtsAndrolAvdramzAndkl@SIGAvsEmbAlztoldtrcAndk@tAnbIlD@tDAblub@nz@dIznAbAldbIfcrDAp@lAs-
2527,-DEnDeclmarCsWtAlItAweIntuDAfIldzAndfWndD@tDAarmiAvtIGkizh@dclrEdifcrmd-AndwazAdv@nsIGstEdlitAwcrdDEm-
2528,-@tDAhEdAvDApIGkizwRgEtgIsIzAl-AndbAtEmbrYt-huh@dDApIrAtanhIzSoldR-AndDErwRsApcrtAdbYkEptAngcrAli-Andk@tAntEntEnt-AndrozAnliDAwIC-
2529,-wEnAluzg@nscgEtkIsIzAlderezdAnADRgretSW-fcrhiwazDAf@vyuRAvDAscrRzAndvEripapyAlRwIDclDAtipAl-
2530,-sInsl@stTRzdiY-gIp-Iz@zc-h@vbInDAlavAlbilRruAvDAblukAntri-bAtnWD@tyuarkaGkRdbYkwinSrat-YsApozY@mkaGkRtiAndyuh@vnobulRu@tcl-
2531,-wEnhifIzd-SisEdCIrfli-
2532,-tontwErisIzAldIr-ItAlclkAmrYtprItisun-
2533,-nWDEnlEtsEntRDAsItiAndEnjOdAgretfist@tsbiIGkUt-YnIrlistarmdmYsElf-fcrDIskaGgrIGkIGdAmzIzhardwRk-
2534,-DEnSigevrozAlib@khRm@jAgrIG-T@GkIGDAkYndwICfcrclSih@dAnfcrDEm-
2535,-yuaarmet-rIplYdtuselR-
2536,-tIlwIlbisACAs@tAsf@kSAn-
2537,-DAgardzh@dAtErAbAlstrAbAlwIDAgotwICwazlusInDArum-AndstIlwAnItfYt-bAtfYnAliDesAbdudDA@nAmAl-AndDEnDetUkDAbIlruWtAvDAfreniztYdIn-AndbrctboThImAndDAgotbIfcrkwintrat-huwetAdDEmInDATronrumAvDAp@lAs-
2538,-Ylbl@dliduD@t-pramAstD@nubulRru-AndYlfiDAhanRAbAlgodclDASevIGzAndlEDRAndtAng@nzAgAnit-bIzYzdDAgrEs-
2539,-kskyuzni-sEdSat-YnAglEt-tutElyuD@tyUrnatDAbUlruEnimcr-
2540,-DAfcrmRbUlRrigrond-
2541,-hWnatbiwIk@tEnimcr-sYdDAoldbIlRu-hWrAfcrm
2542,-@zAprYdAtsItAzAnYS@lbiAmadAlAvdIpcrtmAnt-bIkczItwUdbidejRAztubiADRwYz-
2543,-wEnfRstDeEntRdD@tDronrumDetrYdtubihIzhctiAndskcrfAl@zEvR-bAtDAbluzwRAsImpAlDErclEft@tDEmEndyIrdDEm-fcrDErwIznatAsIGgAlpRsAnAnclDAblukAntrihilAvDAprInsEsIzDAlistlItAlbIt-
2544,-so-gEtgIsIzcrcrdRdDAk@ptAntutekAfYlAvsoljRz-AndIskcrtDArevIGbyutiztuDErnuhom-
2545,-D@tivnIG-trckevAgr@ndbclAndDAp@lAs-tuwICDAmostImpcrtAntAvDApIGkizInDAbluskEnzwRImvYdAd-
2546,-DAkAmbYndb@ndzAvboTDAkAntrizpledDAmyuzekAndAfYnsApRwazsRvd-
2547,-brYdRzAnRlidcnzmostbrIlyAntdYarblonklIrv@nsAvkAlRdTruDAskY-h@dswRrol-Andswip-Andmit-tubrekAndfonlYkrenbovelzApanAbAbAlzdon-
2548,-gYdAdbYyu-hWwimYtstroltAwcrdzstIT-WRonlimyuzIk-wAnAnADRzbrET-TrugardAnzIntAmAntwIDhalihcks-wErIzsYlAntpapizbRnbItwinDAraks-bYpulzwErbRCIzbIntukamfAdAnsAbAvgrinwctRz-skAmdwIDAlIlipl@nz-
2549,-vInAs-
2550,-AndAzsAnsEtgloIGAvkrImsAnAndgold-SilYz-DAglcriAvDAwRld-AbiCt-kIGz-g@li-husIlzarfRldhuwIzhAGwIDt@pAstrizrIC-@nold-
2551,-DApItiD@twimAstkAn-@ndo-
2552,-wYlDAoldgoldAndDAmarvAlstez-fcrEvRglimIGIzsaft-strcGDAblez-kcnAnd@RliivnIGglo-
2553,-DAplEzAntgrebyardAvmYsolwIDsEntAnmInAlsYprAStrizAndflWRzIzfIld-D@tYmestrolAndmEdAteSAn@tmYz-
2554,-ItIzmYharthAGInDAskY-AndnoklWdzEvRflopbItwinDAgrevflWRzAndmYhartonhY-
2555,-ovRDAtr@klYndsItistritDAyAGmEn-DAgrInIGmEn-p@s-
2556,-ho-yiselzD@tsimdtuwAndRAndrimtIlIkmEnoz-se-IzDISUrwErYst@ndDAonlifildAvstrAgAl-crarihItAndb@tRdWtDerbYwevzAndwEngAst@zhitEkovRAklESIGsiAvwAtRiEtAz-
2557,-oldd@nsIzarsImplAfYd@tDEryRnIG-bliCtbYtYm-
2558,-hih@dgatIntuhRkcrtyard-
2559,-TruDAbl@g-nYtren-his@IGtuhRwIndobarz-
2560,-D@twazbAtrAstlIGAvtrIpIGpl@ntsInDAdark-
2561,-SiwazAlonD@tnYt-
2562,-hih@dbrokAnIntuhRkcrtyarnd-
2563,-tufedAwelYkmcrnIGbyutifrAmhRmcrtAde-dWnbYDArIvR-AvAdcnA-hRsalftvOsAzhRd-AndDAshRjEntAl@mAnteSAnfclzlYkmcrnIGdu-
2564,-owYf-AvDIsarsprIG-
2565,-wYfedsDAlotAsAvDAwctR-
2566,-wYfetDizCIldrAnAvDAsprIG-
2567,-fElIz-lYkAwctRibo-AndlYkApartinklWd-lYkArAflEkSAnInAgl@ts-wYkS@dozInDAwctR-lYkdrimzAvInfAns-lYkAzsmYlApanInInfAnsfes-
2568,-lYkDAdWpsvOz-wYktr@nziAntde-lYkAmyuzIkInDAEr-a-
2569,-AndjEntAlslip-DAslipAvdET-AndjEntlihirDAvOsAvhIm-D@twckItInDAgardAnInDAivnIGtYm-
2570,-DAlIliAvDAv@libriDIGInDAhAmbAlgr@s-@nsRdDAlAfwimedAndsEd-Y@mAwctCRiwid-AndY@mvErismcl-AndlAvtutwElInlolivelz-sowik-DAgIldAdbAtRflYskErs-pRCAsanmYhEd-yEtY@mvIzAtAdfrAmhEvAn-AndhiD@tsmYlzancl-wcksInDAfWnAli-AndiCmcrnovRmi-sprEdshIzh@nd-seIG-rijOsDWhAmbAlgr@ns-DW-nubcrnglIliflWR-
2571,-DWjEntAlmedAvsYlAntv@lizAndAvmadAstbrUks-fcrDW-S@lbikloDdInDAlYt-AndfEd-wIDmcrnIGm@nR-tIlsAmRz-hit-mEltsAnibazsYdIfWntAnzAndDAsprIGz-tuflcrSInAtRnAlvetAlz-De-wYSUdfElkAmplen-
2572,-wYSUdDAmIstrAsAvDAvelzAvhar-AtrAstsY-
2573,-Sisist-AndsmYldIntErz-DEns@tdWnInhRsIlvRSrYIG-
2574,-wICDWdAst-sk@CR-anEvRilItAlbledAvAgr@sD@tsprIGz-rIvYvzDAmIlktkW-Andtemz-DAfYRbriDIGstid-
2575,-bAtDWl-IzlYkAfendklWd-kIndAld@tDArYzIGsAn-Yv@nISfrAmYpRliTron-AndhuS@lfYndmYples-
2576,-AndwYItsk@tRzItsbrYtbyuti-TruDAhyumAdEr-
2577,-dIsEndolItAlklWd-AndhAvRbIfcrDAYzAvfEl-
2578,-olItAlklWd-DAvRCAnsEd-YCarjDitutElmi-wYDWkAmplenAsnW-wEnInwAnWRDWfedAwe-DEnwiS@lsikDi-bAtnatfYd-afElIzlYktIDi-
2579,-Yp@sAwe-yEtYkAmplen-AndnowAnhirsmYvOs-
2580,-DAklWdD@nSodhIzgoldAnhEd-AndhIzbrYtfcrmImRjd-
2581,-AndfIrsDWbIkczYf@nIS-AndImsinomcr-
2582,-ItIztuk-tEnfolTwYf-tIlAv-tupis-Andr@kCRz-holi-AnsindIsEndIG-wemYlYtwIGzApanbamiflWRz-Andkcrt-DAfErYdu-tutekmituhRSYnIGtEnt-DAwipIGvRCAn-trEmbAlIGnilzbIfcrDArIzAnsAn-
2583,-tIlwiRYzAlIGkt-AndAkoldInb@nd-AndnEvRpart-bAtwck-yunYtAdbErIG-fudtuclWRtEndRflWRdz-
2584,-wIsnatAlon-ncrAvItsElf-fIrnatAndYwIlkcl-DAwikwRmfrAmItslolibEd-AndDWS@lthirItsvOs-
2585,-kAmfcrTwRm-AndDAsYlAntv@li-tuDYpEnsIvkwin-
2586,-DAhElplAswRmRoz-Ands@tApanDAlIlizlif-AndDAbrYtklWdseldan-tufYndhIzpcrtAnRInDAvel-
2587,-ImAjAvwiknAs-artDWbAtAwRm-
2588,-YsiDewek-hElplAsDAnekAd-wipiIGAndnAntu@nsR-nAntuCErISti-wIDmADRzsmYlz-
2589,-AndsEz-DWmADRAvmYCIldrAn-Yh@vlAvdDi-AndYh@vgIvAnDAkrWn-D@tnAnk@ntekAwe-
2590,-AndlemidWnInDYkoldbEd-AndlivmYSYnIGlYd-
2591,-cr@nYAvgIfts-AndgresAz-SWRIGfrutAndkwOntAdgol-
2592,-wYAtAGImprEstwIDhAni-frAmEvRiwYnd-
2593,-wY@nir-AwRldpUl-fIrstudrckrieSAnzIn-
2594,-clwezsEdwITWtAwRd-
2595,-YsItbIniTYlUks-@zCIldrAnduInDAnunsAn-wIDsolzD@trEmbAlTruDErh@piYlIdz-frAm@n-AnAvRd-yEtpranAkAlInwRdjO-
2596,-YdIdnatrcGmYsElfso-bAtYplestArcGanDi-
2597,-wEnkcldbIfcr-YtoldhWhestAliYdraptmYflWRz-crbrekcfkfrAmAgem-
2598,-S@lIGnEvRmIshomtck-AndblEsIG-AndDAkamAnkIs-DAkAmztuiCIntRn-ncrkWntIdstrenj-wEnYlUkAp-dudrapanAnurenjAvwclzAndflcrz-AnADRhomD@nDIs-
2599,-Al@s-Yh@vgrivdsoY@mhardtulAv-
2600,-opAnDYhardwYd-AndfoldwIDIn-DAwEdwIGzAvDYdAv-
2601,-gUdItmin-tul@st-AlAvsEt-pEnjAlAsbItwinsaroAndsaro-
2602,-ne-Yr@DRTrIld-dIstrAstIGEvRilYt-D@tsimdtugIldDAanwRdp@f-AndfIrtuovRlin-AfIGgRivn-
2603,-AndDoYh@vgronsRin-AndstrcGsEntDEn-YTIGkD@tgathIzwIld-AstIlrInuAbAlfIr-
2604,-olEf-otrcs-
2605,-AndlAv-bifcls-
2606,-Ifhi-tukipwAnoT-mAstluzwAnjO-bYhIzlYfsstarfcrtold-
2607,-slotuwRldgritIGz-kwIkwIDIts-olIst-wEnDAenjAlspik-
2608,-ArIGAv@mATAst-YkUdnatwErhir-plencrtumYsYt-DEnD@t-fRstkIs-
2609,-D@twazDAkrIsAmAvlAv-wIClAvzonkrWn-wIDs@GktufYIGswipnAs-dIdprAsid-DATRdApanmYlIts-wazfoldDAdWnAndpRfEkt-pRpAl-ste-sInswEn-Indid-Yh@vbInprWdAndsEd-mYlAv-mYond-
2610,-dIrAst-tiCmisotupUrWtkr@tAtud-@zDWdAst-gUd-
2611,-mAsAlmAnz-And-gYRz-TrokRCAs-@tdAsmYl-Andh@vnoruT-fcrEniwipIG-
2612,-bAtIDWartnatsAC-AlAvR-mYbIlAvId-
2613,-DWk@nstwet-TrusaroAndsIknAs-tubrIGsolztutAC-AndTIGkItsunwEnADRzkrY-tulEd-
2614,-YTIGkclhuh@vlAvdmiInDErharts-wIDf@GksAndlAv-frAmYn-
2615,-o-tuSudmYsolzfAlminIGIntufyuCRyIrz-D@tDeSUdlEndItAtRIGs-AndsAlut-lAvD@tEndyUrAz-frAmlYfD@tdIsApIrdz-
2616,-DEnY-lcGtrYdbYn@CRAlildz-rAsivdDAkAmfRtf@st-wYlbAdIG-@tDYsYtmYpulgrAmst@f-gevWtgrinlivz-wIDmcrnIGduz-ImpRld-
2617,-YlAvDAfrili-@zmEnstrYffcrYt-YlAvDApyUrdli-@zDetRndfrAmprez-
2618,-YlAvdiwID-DAp@SAnpUtuyuz-InmYoldgriz-AndwIDmYCYldhUdzfeT-
2619,-YlAvdDi-wIDAlAvYsimdtuluz-wIDmYlcstsetz-YlAvdti-wIDAbrET-smYlz-tird-AvclmYlYf-And-IfgadCuz-YS@lbAtlAvdibEtR-@ftRdET-
